"job_work_from_home","job_posted_date","job_no_degree_mention","job_health_insurance","salary_year_avg","salary_hour_avg","search_location","salary_rate","job_title_short","job_title","job_location","job_via","job_schedule_type","job_country","company_id","count"
"","2023-03-20 19:30:49","","","","","United Arab Emirates","","Business Analyst","Analyst or Senior Analyst Jobs in Abu Dhabi","Abu Dhabi - United Arab Emirates","via Discover Exciting Job Opportunities In The UAE","Full-time","United Arab Emirates",12,"2"
"","2023-05-29 18:08:31","","","","","India","","Data Scientist","Data Scientist","Gurugram, Haryana, India","via BeBee India","Full-time","India",33,"3"
"","2022-12-31 07:29:07","","","","","India","","Data Scientist","Data Scientist","Chennai, Tamil Nadu, India","via BeBee India","Full-time","India",46,"2"
"","2023-05-02 17:15:07","","","","","India","","Data Scientist","Data Scientist / Machine Learning","Noida, Uttar Pradesh, India","via Indeed","Full-time","India",46,"2"
"","2023-11-14 19:41:16","","","","","Italy","","Business Analyst","en-US","Milan, Metropolitan City of Milan, Italy","via BeBee","Full-time","Italy",47,"2"
"","2023-04-01 06:03:04","",1,"","","New York, United States","","Data Scientist","Data Scientist, Mid - Now Hiring","Arlington, VA","via Snagajob","Full-time","United States",49,"2"
"","2023-02-28 14:16:56","","","","","Poland","","Data Scientist","Data Scientist","Warsaw, Poland","via Trabajo.org","Full-time","Poland",66,"2"
"","2023-06-04 14:12:08","","","","","Poland","","Data Scientist","Data Scientist","Warsaw, Poland","via Praca Trabajo.org","Full-time","Poland",66,"2"
"","2023-02-28 15:39:57","","","","","Denmark","","Data Scientist","Data Team Lead","Copenhagen, Denmark","via BeBee","Full-time","Denmark",74,"2"
"","2023-08-23 23:30:14","","","","","Italy","","Business Analyst","Business Analyst","Rome, Metropolitan City of Rome Capital, Italy","via Trabajo. Org","Full-time","Italy",88,"2"
"","2023-01-21 08:24:49",1,"","","","Canada","","Data Engineer","Data Engineer","Halifax, NS, Canada","via BeBee Canada","Full-time","Canada",96,"2"
"","2023-01-20 18:40:38","",1,"","","Georgia","","Data Scientist","Data Scientist with Security Clearance","Washington, DC","via LinkedIn","Full-time","United States",100,"2"
"","2023-01-20 19:00:45","","","","","New York, United States","","Data Analyst","Data Analyst with Security Clearance","Washington, DC","via LinkedIn","Full-time","United States",100,"2"
"","2023-01-20 19:00:56","","","","","New York, United States","","Data Analyst","Data Analyst with Security Clearance","Washington, DC","via LinkedIn","Full-time","United States",100,"3"
"","2023-01-20 19:20:19","","","","","Florida, United States","","Data Scientist","Data Scientist with Security Clearance","Tampa, FL","via LinkedIn","Full-time","United States",100,"2"
"","2023-01-20 20:00:45","","","","","New York, United States","","Data Analyst","Data Analyst with Security Clearance","Washington, DC","via LinkedIn","Full-time","United States",100,"2"
"","2023-01-05 02:42:56","","","","","Bangladesh","","Senior Data Scientist","Remote Senior Data Scientist Jobs Bangladesh","Bangladesh","via Trabajo.org","Full-time","Bangladesh",113,"2"
"","2023-06-23 12:11:17","","","","","United Arab Emirates","","Data Analyst","Data Analyst","United Arab Emirates","via BeBee","Full-time","United Arab Emirates",113,"2"
"","2023-06-23 12:11:23","","","","","United Arab Emirates","","Data Scientist","Data Scientist","United Arab Emirates","via BeBee","Full-time","United Arab Emirates",113,"2"
"","2023-06-23 15:11:45","","","","","United Arab Emirates","","Machine Learning Engineer","Machine Learning Engineer","United Arab Emirates","via Trabajo.org","Full-time","United Arab Emirates",113,"2"
"","2023-07-01 13:13:36","","","","","United Arab Emirates","","Data Scientist","Data Scientist","United Arab Emirates","via BeBee","Full-time","United Arab Emirates",113,"2"
"","2023-07-03 11:12:28","","","","","United Arab Emirates","","Data Scientist","Data Scientist","United Arab Emirates","via Trabajo.org","Full-time","United Arab Emirates",113,"3"
1,"2023-01-16 12:55:40","","","","","Turkey","","Data Scientist","Remote Data Scientist Jobs","Anywhere","via LinkedIn","Full-time","Turkey",113,"3"
1,"2023-07-15 12:14:51","","","","","Brazil","","Senior Data Engineer","Senior Data Engineer","Anywhere","via LinkedIn","Full-time","Brazil",113,"3"
1,"2023-08-08 13:14:40","","","","","Brazil","","Machine Learning Engineer","Machine Learning Engineer","Anywhere","via Jobgether","Full-time","Brazil",113,"2"
"","2023-05-30 14:10:46","","","","","India","","Data Scientist","Data Scientist","Bengaluru, Karnataka, India","via LinkedIn","Full-time","India",116,"2"
"","2023-04-21 17:32:21",1,"","","","India","","Data Analyst","Data Analyst","Hyderabad, Telangana, India","via LinkedIn","Full-time","India",132,"2"
"","2023-04-21 17:32:31","","","","","India","","Data Scientist","Data Scientist","Hyderabad, Telangana, India","via LinkedIn","Full-time","India",132,"2"
"","2023-02-16 23:12:17","","","","","India","","Data Analyst","Data Analyst","Hyderabad, Telangana, India","via Indeed","Full-time","India",152,"2"
"","2023-02-17 23:14:19","","","","","India","","Data Analyst","Data Analyst","Hyderabad, Telangana, India","via The Muse","Full-time","India",152,"2"
"","2023-04-02 14:18:07",1,"","","","South Africa","","Data Engineer","Data Engineer","Pretoria, South Africa","via BeBee South Africa","Contractor","South Africa",158,"2"
"","2023-05-31 17:27:24","","","","","South Africa","","Data Engineer","Data Engineer","Johannesburg, South Africa","via BeBee South Africa","Full-time","South Africa",158,"2"
"","2023-06-14 07:15:24","","","","","United Kingdom","","Data Scientist","Data Scientist","London, UK","via LinkedIn","Full-time","United Kingdom",162,"2"
"","2023-08-19 17:14:59","","","","","United Kingdom","","Data Scientist","Data Scientist","London, UK","via LinkedIn","Full-time","United Kingdom",162,"2"
"","2023-08-28 17:30:06","","","","","United Kingdom","","Data Scientist","Data Science Manager","London, UK","via LinkedIn","Full-time","United Kingdom",162,"2"
"","2023-10-23 04:28:56",1,"","","","United Kingdom","","Business Analyst","Marketing Analyst","Sheffield, UK","via LinkedIn","Full-time","United Kingdom",162,"2"
"","2023-10-23 04:29:09","","","","","United Kingdom","","Data Scientist","Data Science Manager","Leeds, UK","via LinkedIn","Full-time","United Kingdom",162,"2"
"","2023-11-08 12:42:54",1,"","","","New Zealand","","Data Analyst","Data Analytics Manager","New Zealand","via LinkedIn","Full-time","New Zealand",162,"2"
"","2023-04-25 11:11:03","","","","","Ireland","","Senior Data Engineer","Senior Data Engineer","Dublin, Ireland","via Indeed","Full-time","Ireland",167,"2"
"","2023-09-11 12:34:08","","","","","Ireland","","Senior Data Engineer","Senior Data Engineer - Dublin - Permanent - Hybrid","Dublin, Ireland","via Indeed.ie","Full-time","Ireland",167,"2"
"","2023-02-08 23:11:36","","","","","India","","Data Scientist","Lead Analytics Consultant","Hyderabad, Telangana, India","via LinkedIn","Full-time","India",187,"2"
"","2023-04-07 15:28:55",1,"","","","India","","Senior Data Analyst","Senior Data Management Analyst","Hyderabad, Telangana, India","via LinkedIn","Full-time","India",187,"2"
"","2023-04-12 10:57:08","","","","","Latvia","","Data Engineer","Key Data Engineer (Python / Scala / Azure)","Latvia","via The Muse","Full-time","Latvia",212,"2"
"","2023-04-12 11:03:37","","","","","Kazakhstan","","Data Engineer","Key Data Engineer (Python / Scala / Azure)","Kazakhstan","via The Muse","Full-time","Kazakhstan",212,"2"
"","2023-04-12 11:05:23","","","","","Lithuania","","Data Engineer","Key Data Engineer (Python / Scala / Azure)","Lithuania","via The Muse","Full-time","Lithuania",212,"2"
"","2023-05-25 16:46:36",1,"","","","Greece","","Senior Data Engineer","Senior Data Engineer","Greece","via Indeed","Full-time","Greece",212,"2"
"","2023-08-09 11:09:40",1,"","","","Latvia","","Data Engineer","Key Data Engineer (Python / Scala / Azure)","Latvia","via The Muse","Full-time","Latvia",212,"2"
"","2023-11-11 07:17:17","","","","","Qatar","","Software Engineer","Senior Software Engineer","Doha, Qatar","via BeBee دولة قطر","Full-time","Qatar",212,"2"
"","2023-02-21 14:39:18","","","","","Italy","","Machine Learning Engineer","Process Engineer","Treviso, Province of Treviso, Italy","via Lavoro Trabajo.org","Full-time","Italy",215,"2"
"","2023-01-28 04:11:02","","","","","Ireland","","Data Scientist","Data Scientist","Dublin, Ireland","via LinkedIn","Full-time","Ireland",218,"2"
1,"2023-02-03 17:59:02","","","","","Uzbekistan","","Senior Data Engineer","Senior Big Data Engineer","Anywhere","via LinkedIn Uzbekistan","Full-time","Uzbekistan",235,"2"
1,"2023-02-03 18:08:25","","","","","Armenia","","Senior Data Engineer","Senior Big Data Engineer","Anywhere","via LinkedIn Armenia","Full-time","Armenia",235,"2"
1,"2023-02-08 20:04:02","","","","","Uzbekistan","","Senior Data Engineer","Senior Data Quality Engineer","Anywhere","via LinkedIn Uzbekistan","Full-time","Uzbekistan",235,"2"
1,"2023-02-17 12:00:35","","","","","Uzbekistan","","Senior Data Engineer","Senior Data Quality Engineer","Anywhere","via LinkedIn Uzbekistan","Full-time","Uzbekistan",235,"2"
1,"2023-03-24 18:28:15","","","","","Kazakhstan","","Senior Data Scientist","Senior Data Scientist","Anywhere","via LinkedIn","Full-time","Kazakhstan",235,"3"
1,"2023-03-24 18:37:14","","","","","Uzbekistan","","Senior Data Scientist","Senior Data Scientist","Anywhere","via LinkedIn Uzbekistan","Full-time","Uzbekistan",235,"2"
1,"2023-09-04 17:09:00","","","","","India","","Data Engineer","Lead Data Engineer","Anywhere","via LinkedIn","Full-time","India",235,"2"
"","2023-03-18 11:28:11","","","","","Argentina","","Data Scientist","Data Science","Buenos Aires, Argentina","via BeBee","Full-time","Argentina",246,"2"
"","2023-09-19 10:10:50","","","","","India","","Data Analyst","Data Analyst","Hyderabad, Telangana, India","via BeBee India","Full-time","India",304,"2"
"","2023-04-15 00:19:01",1,"","","","Chile","","Data Analyst","Data analyst","Las Condes, Chile","via Sercanto","Full-time","Chile",346,"2"
"","2023-01-05 10:49:13",1,"","","","Morocco","","Data Engineer","Data Engineer","Casablanca, Morocco","via Emplois Trabajo.org","Full-time","Morocco",348,"2"
"","2023-03-23 10:24:01","","","","","India","","Data Engineer","Big Data Engineer","Bengaluru, Karnataka, India","via LinkedIn","Full-time","India",348,"2"
"","2023-05-31 20:21:50","","","","","Mexico","","Data Scientist","Data Scientist","Mexico","via Indeed","Full-time","Mexico",348,"2"
"","2023-11-07 09:02:28","","","","","New York, United States","","Senior Data Scientist","Senior Data Scientist","New York, NY","via IBM - Talentify","Full-time","United States",348,"2"
"","2023-03-23 09:05:42","",1,"","","California, United States","","Data Scientist","(USA) Senior Manager II, Data Science","Sunnyvale, CA","via LinkedIn","Full-time","United States",367,"2"
"","2023-06-27 23:46:48","","","","","Sudan","","Data Scientist","Director, Data Science","Bentonville, AR","via Trabajo.org","Full-time","Sudan",367,"2"
"","2023-08-25 08:41:31","",1,"","","Sudan","","Data Scientist","Principal Data Scientist","Bentonville, AR","via Jobs Trabajo.org","Full-time","Sudan",367,"2"
"","2023-03-03 18:17:48","","","","","United Kingdom","","Senior Data Engineer","Senior Data Engineer","London, UK","via LinkedIn","Full-time","United Kingdom",386,"2"
"","2023-05-01 17:18:51","","","","","United Kingdom","","Senior Data Engineer","Senior Data Engineer","London, UK","via LinkedIn","Full-time","United Kingdom",386,"2"
"","2023-07-17 17:27:49","","","","","United Kingdom","","Data Engineer","Data Engineer","London, UK","via LinkedIn","Full-time","United Kingdom",386,"2"
"","2023-03-14 13:19:28","","","","","India","","Data Analyst","Data Analyst","Hyderabad, Telangana, India","via LinkedIn","Full-time","India",395,"2"
"","2023-04-28 17:13:34","","","","","India","","Data Scientist","Data Scientist","India","via Indeed","Full-time","India",467,"2"
"","2023-01-15 06:19:01","","","","","Mexico","","Data Scientist","Data Scientist","Xico, Ver., Mexico","via Trabajo.org","Full-time","Mexico",540,"2"
"","2023-07-22 06:27:24","","","","","Peru","","Data Scientist","Data Scientist","Lima, Peru","via Trabajo.org - Vacantes De Empleo, Trabajo","Full-time","Peru",572,"2"
"","2023-07-22 06:27:36",1,"","","","Peru","","Data Engineer","Data Engineer","Lima, Peru","via Trabajo.org - Vacantes De Empleo, Trabajo","Full-time","Peru",572,"3"
"","2023-07-27 07:14:30","","","","","Argentina","","Data Scientist","Data Scientist","Buenos Aires, Argentina","via Trabajo.org - Vacantes De Empleo, Trabajo","Full-time","Argentina",572,"2"
"","2023-07-28 07:11:56","","","","","Peru","","Senior Data Scientist","Senior Data Scientist","Cajamarca, Peru","via Trabajo.org - Vacantes De Empleo, Trabajo","Full-time","Peru",572,"2"
"","2023-07-28 07:13:02",1,"","","","Argentina","","Data Analyst","Data Analyst","Argentina","via Trabajo.org - Vacantes De Empleo, Trabajo","Full-time","Argentina",572,"2"
"","2023-07-28 08:13:07","","","","","Argentina","","Data Scientist","Data Scientist","Buenos Aires, Argentina","via BeBee","Full-time","Argentina",572,"2"
"","2023-07-29 07:10:48",1,"","","","Peru","","Software Engineer","Software Engineer","Lima, Peru","via Trabajo.org - Vacantes De Empleo, Trabajo","Full-time","Peru",572,"2"
"","2023-08-02 07:12:04","","","","","Argentina","","Data Scientist","Data Scientist","Buenos Aires, Argentina","via Trabajo.org - Vacantes De Empleo, Trabajo","Full-time","Argentina",572,"2"
"","2023-08-03 06:28:29","","","","","Peru","","Data Scientist","Data Scientist","Lima, Peru","via Trabajo.org - Vacantes De Empleo, Trabajo","Full-time","Peru",572,"2"
"","2023-08-03 07:11:27",1,"","","","Argentina","","Data Engineer","Data Engineer","Buenos Aires, Argentina","via Trabajo.org - Vacantes De Empleo, Trabajo","Full-time","Argentina",572,"2"
"","2023-08-03 07:11:46","","","","","Argentina","","Software Engineer","Senior Software Engineer","Buenos Aires, Argentina","via Trabajo.org - Vacantes De Empleo, Trabajo","Full-time","Argentina",572,"3"
"","2023-08-04 06:31:20","","","","","Peru","","Business Analyst","Business Analyst","Lima, Peru","via Trabajo.org - Vacantes De Empleo, Trabajo","Full-time","Peru",572,"2"
"","2023-08-04 07:10:21",1,"","","","Argentina","","Data Analyst","Data Analyst","Argentina","via Trabajo.org - Vacantes De Empleo, Trabajo","Full-time","Argentina",572,"2"
"","2023-08-05 06:47:14",1,"","","","Argentina","","Data Engineer","Data Engineer","Buenos Aires, Argentina","via Trabajo.org - Vacantes De Empleo, Trabajo","Full-time","Argentina",572,"2"
"","2023-08-06 06:45:57","","","","","Argentina","","Data Engineer","Data Engineer","Buenos Aires, Argentina","via Trabajo.org - Vacantes De Empleo, Trabajo","Full-time","Argentina",572,"2"
"","2023-08-08 07:11:24","","","","","Argentina","","Data Scientist","Data Scientist","Buenos Aires, Argentina","via Trabajo.org - Vacantes De Empleo, Trabajo","Full-time","Argentina",572,"2"
"","2023-08-08 07:11:28","","","","","Argentina","","Data Analyst","Data Analytics","Buenos Aires, Argentina","via Trabajo.org - Vacantes De Empleo, Trabajo","Full-time","Argentina",572,"2"
"","2023-08-08 07:27:25","","","","","Peru","","Data Engineer","Data Engineer","Lima, Peru","via Trabajo.org - Vacantes De Empleo, Trabajo","Full-time","Peru",572,"2"
"","2023-08-09 08:09:23","","","","","Argentina","","Data Scientist","Data Scientist","Buenos Aires, Argentina","via Trabajo.org - Vacantes De Empleo, Trabajo","Full-time","Argentina",572,"5"
"","2023-08-11 07:30:34","","","","","Peru","","Data Engineer","Data Engineer","Lima, Peru","via Trabajo.org - Vacantes De Empleo, Trabajo","Full-time","Peru",572,"2"
"","2023-08-11 07:30:36","","","","","Peru","","Business Analyst","Business Analyst","Lima, Peru","via Trabajo.org - Vacantes De Empleo, Trabajo","Full-time","Peru",572,"2"
"","2023-08-15 07:45:16",1,"","","","Peru","","Data Analyst","Data Analyst","Lima, Peru","via Trabajo.org - Vacantes De Empleo, Trabajo","Full-time","Peru",572,"2"
"","2023-08-15 07:45:19","","","","","Peru","","Business Analyst","Business Analyst","Lima, Peru","via Trabajo.org - Vacantes De Empleo, Trabajo","Full-time","Peru",572,"2"
"","2023-08-15 07:45:28","","","","","Peru","","Data Scientist","Data Scientist","Lima, Peru","via Trabajo.org - Vacantes De Empleo, Trabajo","Full-time","Peru",572,"2"
"","2023-08-18 07:33:43","","","","","Peru","","Business Analyst","Business Analyst","Lima, Peru","via Trabajo.org - Vacantes De Empleo, Trabajo","Full-time","Peru",572,"2"
"","2023-08-18 07:33:52","","","","","Peru","","Data Scientist","Data Scientist","Lima, Peru","via Trabajo.org - Vacantes De Empleo, Trabajo","Full-time","Peru",572,"3"
"","2023-08-19 07:25:59","","","","","Peru","","Data Analyst","Data Analyst","Lima, Peru","via Trabajo.org - Vacantes De Empleo, Trabajo","Full-time","Peru",572,"3"
"","2023-08-19 07:25:59",1,"","","","Peru","","Data Analyst","Data Analyst","Lima, Peru","via Trabajo.org - Vacantes De Empleo, Trabajo","Full-time","Peru",572,"2"
"","2023-08-19 07:26:12","","","","","Peru","","Data Scientist","Data Scientist","Lima, Peru","via Trabajo.org - Vacantes De Empleo, Trabajo","Full-time","Peru",572,"2"
"","2023-08-19 07:26:26",1,"","","","Peru","","Data Engineer","Data Engineer","Lima, Peru","via Trabajo.org - Vacantes De Empleo, Trabajo","Full-time","Peru",572,"2"
"","2023-08-19 07:26:35",1,"","","","Peru","","Software Engineer","Software Engineer","Lima, Peru","via Trabajo.org - Vacantes De Empleo, Trabajo","Full-time","Peru",572,"3"
"","2023-08-19 08:10:33","","","","","Argentina","","Data Analyst","Data Analyst","Buenos Aires, Argentina","via Trabajo.org - Vacantes De Empleo, Trabajo","Full-time","Argentina",572,"2"
"","2023-08-22 07:18:24","","","","","Peru","","Software Engineer","DevOps Engineer","Lima, Peru","via Trabajo.org - Vacantes De Empleo, Trabajo","Full-time","Peru",572,"2"
"","2023-08-23 06:32:50",1,"","","","Argentina","","Data Engineer","Data Engineer","Argentina","via BeBee","Full-time","Argentina",572,"2"
"","2023-08-23 07:17:15","","","","","Peru","","Business Analyst","Business Analyst","Lima, Peru","via Trabajo.org - Vacantes De Empleo, Trabajo","Full-time","Peru",572,"2"
"","2023-08-25 11:19:53",1,"","","","Peru","","Data Analyst","Data Analyst","Lima, Peru","via Trabajo.org - Vacantes De Empleo, Trabajo","Full-time","Peru",572,"2"
"","2023-08-25 11:20:00","","","","","Peru","","Business Analyst","Business Analyst","Lima, Peru","via Trabajo.org - Vacantes De Empleo, Trabajo","Full-time","Peru",572,"2"
"","2023-08-25 11:20:42","","","","","Peru","","Software Engineer","Software Engineer","Lima, Peru","via Trabajo.org - Vacantes De Empleo, Trabajo","Full-time","Peru",572,"2"
"","2023-08-26 06:38:09","","","","","Peru","","Business Analyst","Business Analyst","Lima, Peru","via Trabajo.org - Vacantes De Empleo, Trabajo","Full-time","Peru",572,"2"
"","2023-08-26 06:38:50","","","","","Peru","","Software Engineer","Software Engineer","Lima, Peru","via Trabajo.org - Vacantes De Empleo, Trabajo","Full-time","Peru",572,"2"
"","2023-08-29 07:40:59","","","","","Peru","","Software Engineer","IT Engineer","Lima, Peru","via BeBee","Full-time","Peru",572,"2"
"","2023-08-30 07:23:52",1,"","","","Peru","","Data Analyst","Data Analyst","Lima, Peru","via Trabajo.org - Vacantes De Empleo, Trabajo","Full-time","Peru",572,"2"
"","2023-08-30 07:24:01","","","","","Peru","","Business Analyst","Business Analyst","Lima, Peru","via Trabajo.org - Vacantes De Empleo, Trabajo","Full-time","Peru",572,"3"
"","2023-08-30 07:24:08","","","","","Peru","","Data Scientist","Data Scientist","Lima, Peru","via Trabajo.org - Vacantes De Empleo, Trabajo","Full-time","Peru",572,"2"
"","2023-08-30 07:24:45","","","","","Peru","","Software Engineer","Software Engineer","Lima, Peru","via Trabajo.org - Vacantes De Empleo, Trabajo","Full-time","Peru",572,"2"
"","2023-08-30 07:24:49",1,"","","","Peru","","Software Engineer","DevOps Engineer","Lima, Peru","via Trabajo.org - Vacantes De Empleo, Trabajo","Full-time","Peru",572,"2"
"","2023-08-30 07:42:52","","","","","Argentina","","Data Scientist","Data Scientist","Buenos Aires, Argentina","via Trabajo.org - Vacantes De Empleo, Trabajo","Full-time","Argentina",572,"2"
"","2023-08-30 07:43:02","","","","","Argentina","","Data Analyst","Data Analyst","Buenos Aires, Argentina","via Trabajo.org - Vacantes De Empleo, Trabajo","Full-time","Argentina",572,"2"
"","2023-08-30 07:43:02",1,"","","","Argentina","","Data Analyst","Data Analyst","Buenos Aires, Argentina","via Trabajo.org - Vacantes De Empleo, Trabajo","Full-time","Argentina",572,"2"
"","2023-08-30 07:43:14",1,"","","","Argentina","","Data Engineer","Data Engineer","Buenos Aires, Argentina","via Trabajo.org - Vacantes De Empleo, Trabajo","Full-time","Argentina",572,"2"
"","2023-08-31 10:46:41","","","","","Peru","","Business Analyst","Business Analyst","Lima, Peru","via Trabajo.org - Vacantes De Empleo, Trabajo","Full-time","Peru",572,"2"
"","2023-08-31 10:46:41",1,"","","","Peru","","Data Engineer","Data Engineer","Lima, Peru","via Trabajo.org - Vacantes De Empleo, Trabajo","Full-time","Peru",572,"2"
"","2023-08-31 10:47:10",1,"","","","Peru","","Software Engineer","Software Engineer C+","Lima, Peru","via Trabajo.org - Vacantes De Empleo, Trabajo","Full-time","Peru",572,"2"
"","2023-08-31 12:03:45","","","","","Argentina","","Data Engineer","Data Engineer","Buenos Aires, Argentina","via BeBee","Full-time","Argentina",572,"2"
"","2023-09-01 07:56:54",1,"","","","Argentina","","Software Engineer","Solutions Engineer","Córdoba, Córdoba Province, Argentina","via BeBee","Full-time","Argentina",572,"2"
"","2023-09-02 07:34:08","","","","","Peru","","Business Analyst","Business Analyst","Lima, Peru","via Trabajo.org - Vacantes De Empleo, Trabajo","Full-time","Peru",572,"4"
"","2023-09-02 07:34:42","","","","","Peru","","Software Engineer","Software Engineer","Lima, Peru","via Trabajo.org - Vacantes De Empleo, Trabajo","Full-time","Peru",572,"2"
"","2023-09-03 06:30:25",1,"","","","Peru","","Software Engineer","Software Engineer","Lima, Peru","via Trabajo.org - Vacantes De Empleo, Trabajo","Full-time","Peru",572,"2"
"","2023-09-05 07:16:49","","","","","Peru","","Data Scientist","Data Scientist","Lima, Peru","via Trabajo.org - Vacantes De Empleo, Trabajo","Full-time","Peru",572,"2"
"","2023-09-06 07:28:56",1,"","","","Peru","","Data Engineer","Data Engineer","Lima, Peru","via Trabajo.org - Vacantes De Empleo, Trabajo","Full-time","Peru",572,"2"
"","2023-09-06 08:29:19",1,"","","","Peru","","Data Engineer","Data Engineer","Lima, Peru","via BeBee","Full-time","Peru",572,"2"
"","2023-09-09 06:21:00",1,"","","","Peru","","Data Engineer","Data Engineer","Lima, Peru","via Trabajo.org - Vacantes De Empleo, Trabajo","Full-time","Peru",572,"2"
"","2023-09-14 07:22:29","","","","","Argentina","","Data Scientist","Data Scientist","Buenos Aires, Argentina","via Trabajo.org - Vacantes De Empleo, Trabajo","Full-time","Argentina",572,"2"
"","2023-09-14 07:22:34",1,"","","","Argentina","","Data Engineer","Data Engineer","Buenos Aires, Argentina","via Trabajo.org - Vacantes De Empleo, Trabajo","Full-time","Argentina",572,"2"
"","2023-09-17 07:21:48",1,"","","","Argentina","","Data Engineer","Data Engineer","Buenos Aires, Argentina","via Trabajo.org - Vacantes De Empleo, Trabajo","Full-time","Argentina",572,"2"
"","2023-09-22 08:45:52","","","","","Peru","","Data Analyst","Data Analyst","Lima, Peru","via Trabajo.org - Vacantes De Empleo, Trabajo","Full-time","Peru",572,"2"
"","2023-10-04 07:31:13","","","","","Argentina","","Data Scientist","Data Scientist","Buenos Aires, Argentina","via BeBee","Full-time","Argentina",572,"2"
"","2023-10-05 07:26:55","","","","","Peru","","Data Scientist","Data Scientist","Lima, Peru","via BeBee","Full-time","Peru",572,"2"
"","2023-10-06 07:24:06","","","","","Peru","","Data Scientist","Data Scientist","Lima, Peru","via Trabajo.org - Vacantes De Empleo, Trabajo","Full-time","Peru",572,"2"
"","2023-10-06 07:24:13",1,"","","","Peru","","Data Engineer","Data Engineer","Lima, Peru","via BeBee","Full-time","Peru",572,"2"
"","2023-10-10 06:52:47",1,"","","","Argentina","","Data Engineer","Data Engineer","Buenos Aires, Argentina","via Trabajo.org - Vacantes De Empleo, Trabajo","Full-time","Argentina",572,"2"
"","2023-10-10 07:27:08","","","","","Peru","","Senior Data Scientist","Senior Data Scientist","Lima, Peru","via BeBee","Full-time","Peru",572,"2"
"","2023-10-11 12:12:07",1,"","","","Peru","","Data Engineer","Data Engineer Exp","Lima, Peru","via BeBee","Full-time","Peru",572,"2"
"","2023-10-11 12:12:15","","","","","Peru","","Software Engineer","Full Stack Engineer","Lima, Peru","via BeBee","Full-time","Peru",572,"2"
"","2023-10-12 07:32:37","","","","","Peru","","Software Engineer","Engineer I","Lima, Peru","via BeBee","Full-time","Peru",572,"2"
"","2023-10-13 07:33:33",1,"","","","Peru","","Data Engineer","Data Engineer","Lima, Peru","via BeBee","Full-time","Peru",572,"2"
"","2023-10-13 07:33:34","","","","","Peru","","Senior Data Engineer","Senior Data Engineer","Lima, Peru","via BeBee","Full-time","Peru",572,"2"
"","2023-10-15 07:46:34","","","","","Argentina","","Software Engineer","Application Engineer","Buenos Aires, Argentina","via BeBee","Full-time","Argentina",572,"2"
"","2023-10-15 08:11:19","","","","","Peru","","Data Analyst","Data Analyst","Lima, Peru","via BeBee","Full-time","Peru",572,"2"
"","2023-10-19 07:08:31","","","","","Argentina","","Data Scientist","Data Scientist","Buenos Aires, Argentina","via Trabajo.org - Vacantes De Empleo, Trabajo","Full-time","Argentina",572,"2"
"","2023-10-19 07:08:35",1,"","","","Argentina","","Data Analyst","Data Analyst","Buenos Aires, Argentina","via Trabajo.org - Vacantes De Empleo, Trabajo","Full-time","Argentina",572,"2"
"","2023-10-25 07:14:16","","","","","Peru","","Data Scientist","Data Scientist","Lima, Peru","via Trabajo.org - Vacantes De Empleo, Trabajo","Full-time","Peru",572,"2"
"","2023-10-28 06:10:07",1,"","","","Peru","","Data Analyst","Data Analyst","Lima, Peru","via Trabajo.org - Vacantes De Empleo, Trabajo","Full-time","Peru",572,"2"
"","2023-10-29 07:22:26","","","","","Argentina","","Data Scientist","Data Scientist","Buenos Aires, Argentina","via Trabajo.org - Vacantes De Empleo, Trabajo","Full-time","Argentina",572,"2"
"","2023-11-01 06:09:23","","","","","Peru","","Data Scientist","Data Scientist","Lima, Peru","via Trabajo.org - Vacantes De Empleo, Trabajo","Full-time","Peru",572,"2"
"","2023-11-02 06:33:41",1,"","","","Argentina","","Data Engineer","Data Engineer","Buenos Aires, Argentina","via Trabajo.org - Vacantes De Empleo, Trabajo","Full-time","Argentina",572,"2"
"","2023-11-07 06:34:44","","","","","Peru","","Data Scientist","Cientifico de Datos","Lima, Peru","via Trabajo.org - Vacantes De Empleo, Trabajo","Full-time","Peru",572,"2"
"","2023-11-07 06:34:48",1,"","","","Peru","","Data Engineer","Data Engineer","Lima, Peru","via Trabajo.org - Vacantes De Empleo, Trabajo","Full-time","Peru",572,"2"
"","2023-11-09 06:12:32","","","","","Argentina","","Data Scientist","Data Scientist","Buenos Aires, Argentina","via BeBee","Full-time","Argentina",572,"2"
"","2023-11-09 06:13:01","","","","","Argentina","","Cloud Engineer","Engineering Manager","Argentina","via BeBee","Full-time","Argentina",572,"2"
"","2023-11-09 06:14:13",1,"","","","Peru","","Data Engineer","Data Engineer","Lima, Peru","via BeBee","Full-time","Peru",572,"2"
"","2023-11-09 06:14:13",1,"","","","Peru","","Data Engineer","Data Engineer","Lima, Peru","via Trabajo.org - Vacantes De Empleo, Trabajo","Full-time","Peru",572,"2"
"","2023-11-11 07:12:13","","","","","Peru","","Data Analyst","Data Analyst","Lima, Peru","via BeBee","Full-time","Peru",572,"2"
"","2023-11-11 07:12:24","","","","","Peru","","Business Analyst","Business Analyst Mid","Lima, Peru","via BeBee","Full-time","Peru",572,"2"
"","2023-11-12 06:28:35","","","","","Argentina","","Data Engineer","Data Engineer","Buenos Aires, Argentina","via BeBee","Full-time","Argentina",572,"2"
"","2023-11-12 06:28:53",1,"","","","Argentina","","Data Engineer","Data Engineer","Argentina","via BeBee","Full-time","Argentina",572,"2"
"","2023-11-12 06:29:35","","","","","Peru","","Data Scientist","Lead Data Scientist","Lima, Peru","via BeBee","Full-time","Peru",572,"2"
"","2023-11-15 07:14:44",1,"","","","Argentina","","Data Engineer","Data Engineer","Buenos Aires, Argentina","via Trabajo.org - Vacantes De Empleo, Trabajo","Full-time","Argentina",572,"2"
"","2023-11-17 06:14:21","","","","","Peru","","Data Scientist","Data Scientist","Lima, Peru","via Trabajo.org - Vacantes De Empleo, Trabajo","Full-time","Peru",572,"2"
"","2023-11-17 07:13:04",1,"","","","Argentina","","Data Analyst","Data Analyst","Argentina","via BeBee","Full-time","Argentina",572,"2"
"","2023-11-18 07:09:27",1,"","","","Argentina","","Data Analyst","Data Analyst","Buenos Aires, Argentina","via BeBee","Full-time","Argentina",572,"2"
"","2023-11-22 08:15:46",1,"","","","Peru","","Data Analyst","Data Analyst","Lima, Peru","via BeBee Perú","Full-time","Peru",572,"2"
"","2023-11-24 08:12:39",1,"","","","Argentina","","Data Engineer","Data Engineer","Buenos Aires, Argentina","via BeBee","Full-time","Argentina",572,"2"
"","2023-11-25 07:10:25","","","","","Peru","","Data Scientist","Data Scientist","Lima, Peru","via Trabajo.org - Vacantes De Empleo, Trabajo","Full-time","Peru",572,"2"
"","2023-11-25 08:09:29","","","","","Argentina","","Data Scientist","Data Scientist","Buenos Aires, Argentina","via BeBee","Full-time","Argentina",572,"3"
"","2023-11-25 08:09:36","","","","","Argentina","","Data Engineer","Data Engineer","Buenos Aires, Argentina","via BeBee","Full-time","Argentina",572,"3"
"","2023-12-15 07:12:37","","","","","Peru","","Data Scientist","Data Scientist","Lima, Peru","via Trabajo.org - Vacantes De Empleo, Trabajo","Full-time","Peru",572,"2"
"","2023-02-02 14:49:28","","","","","Italy","","Data Scientist","Data Scientist","Italy","via Lavoro Trabajo.org","Full-time","Italy",596,"3"
"","2023-02-05 14:34:16","","","","","Italy","","Data Scientist","Data Scientist","Italy","via Lavoro Trabajo.org","Full-time","Italy",596,"2"
"","2023-06-09 07:29:27","","","","","Italy","","Data Engineer","Títolo Data Engineer","Italy","via Lavoro Trabajo.org","Full-time","Italy",596,"2"
"","2023-06-10 06:39:18","","","","","Italy","","Data Engineer","Data Engineer","Italy","via Lavoro Trabajo.org","Full-time","Italy",596,"2"
"","2023-06-25 07:50:46","","","","","Italy","","Senior Data Scientist","Senior Data Scientist","Italy","via Lavoro Trabajo.org","Full-time","Italy",596,"2"
"","2023-08-02 06:36:41","","","","","Italy","","Data Engineer","Data Engineer","Italy","via Trabajo. Org","Full-time","Italy",596,"2"
"","2023-08-16 17:51:54",1,"","","","Italy","","Data Analyst","Data Analyst","Italy","via Trabajo. Org","Full-time","Italy",596,"2"
"","2023-08-22 07:31:30","","","","","Italy","","Data Engineer","Data Engineer","Italy","via Trabajo. Org","Full-time","Italy",596,"2"
"","2023-09-14 08:12:06","","","","","Italy","","Business Analyst","Business Analyst","Italy","via Trabajo. Org","Full-time","Italy",596,"2"
"","2023-09-16 20:11:13","","","","","Italy","","Data Engineer","Data Engineer","Italy","via BeBee","Full-time","Italy",596,"2"
"","2023-09-25 19:35:00","","","","","Italy","","Data Engineer","Data Engineer","Italy","via Trabajo. Org","Full-time","Italy",596,"2"
"","2023-10-21 00:21:39","","","","","Italy","","Data Engineer","Data Engineer","Italy","via Trabajo. Org","Full-time","Italy",596,"2"
"","2023-11-01 01:34:36",1,"","","","Italy","","Data Analyst","Data Analyst","Italy","via Trabajo. Org","Full-time","Italy",596,"2"
"","2023-11-08 20:40:34","","","","","Italy","","Data Engineer","Data Engineer","Italy","via Trabajo. Org","Full-time","Italy",596,"2"
"","2023-11-09 07:19:25",1,"","","","Italy","","Data Analyst","Data Analyst","Italy","via BeBee","Full-time","Italy",596,"2"
"","2023-11-10 20:36:06","","","","","Italy","","Business Analyst","Analyst","Italy","via Trabajo. Org","Full-time","Italy",596,"2"
"","2023-11-14 07:40:35","","","","","Italy","","Data Analyst","Data Analyst","Italy","via BeBee","Full-time","Italy",596,"3"
"","2023-11-14 07:40:35",1,"","","","Italy","","Data Analyst","Data Analyst","Italy","via BeBee","Full-time","Italy",596,"2"
"","2023-11-17 08:20:50","","","","","Italy","","Data Engineer","Data Engineer","Italy","via BeBee","Full-time","Italy",596,"3"
"","2023-12-06 00:19:14","","","","","Italy","","Data Scientist","Data Scientist","Italy","via Trabajo. Org","Full-time","Italy",596,"2"
"","2023-12-08 06:22:25","","","","","Italy","","Data Engineer","Data Engineer","Italy","via BeBee","Full-time","Italy",596,"2"
"","2023-12-28 16:02:30","","","","","Italy","","Data Engineer","Data Engineer","Italy","via BeBee","Full-time","Italy",596,"2"
"","2023-03-29 00:08:43","","","","","Singapore","","Data Scientist","Data Scientist","Singapore","via GSK Careers Job Search - Jobs","Full-time","Singapore",631,"2"
"","2023-04-12 13:56:28","","","","","Belgium","","Data Scientist","data scientist","Brussels, Belgium","via Indeed","Full-time","Belgium",647,"2"
"","2023-01-06 06:42:32","","","","","Singapore","","Senior Data Engineer","Senior Data Engineer","Singapore","via LinkedIn","Full-time","Singapore",692,"2"
"","2023-08-31 22:59:53",1,"","","","Netherlands","","Data Engineer","Data Engineer","Rotterdam, Netherlands","via Vacatures Trabajo.org","Full-time","Netherlands",692,"2"
"","2023-10-01 23:21:50","","","","","Austria","","Business Analyst","Commercial Analyst","Austria","via Jobs Trabajo.org","Full-time","Austria",692,"2"
"","2023-12-21 12:38:57",1,"","","","Chile","","Data Analyst","Data Analyst","Talca, Chile","via BeBee","Full-time","Chile",767,"2"
1,"2023-10-14 09:07:49",1,"","","","Mexico","","Data Engineer","Business Intelligence, Data Engineer, Frontend Engineer, 100000...","Anywhere","via LinkedIn","Full-time","Mexico",806,"2"
1,"2023-10-15 09:10:27",1,"","","","Mexico","","Data Engineer","Business Intelligence, Data Engineer, Frontend Engineer, 100000...","Anywhere","via LinkedIn","Full-time","Mexico",806,"2"
1,"2023-10-16 08:30:24",1,"","","","Mexico","","Data Engineer","Business Intelligence, Data Engineer, Frontend Engineer, 100000...","Anywhere","via LinkedIn","Full-time","Mexico",806,"2"
1,"2023-10-17 09:12:28",1,"","","","Mexico","","Data Engineer","Business Intelligence, Data Engineer, Frontend Engineer, 100000...","Anywhere","via LinkedIn","Full-time","Mexico",806,"2"
1,"2023-12-29 11:15:03",1,"","","","Mexico","","Data Scientist","Business Intelligence, Data Architect, Data Scientist, 300000 Peso...","Anywhere","via LinkedIn","Full-time","Mexico",806,"2"
"","2023-01-07 21:17:32","","","","","Singapore","","Machine Learning Engineer","Machine Learning Engineer","Singapore","via Trabajo.org","Full-time","Singapore",841,"2"
"","2023-01-07 21:17:32","","","","","Singapore","","Machine Learning Engineer","Machine Learning Engineer Intern","Singapore","via Trabajo.org","Full-time","Singapore",841,"2"
"","2023-01-08 06:17:32","","","","","Singapore","","Machine Learning Engineer","Machine Learning Engineer","Singapore","via Trabajo.org","Full-time","Singapore",841,"2"
"","2023-06-19 17:41:28","","","","","Singapore","","Senior Data Analyst","Senior Data Analyst","Singapore","via Indeed","Full-time","Singapore",846,"2"
"","2023-03-11 12:39:12","","","","","Ireland","","Data Analyst","Business Intelligence and Data Analytics IT Graduate Programme 2023","Dublin, Ireland","via Trabajo.org","Full-time","Ireland",862,"2"
"","2023-02-05 15:11:08","","","","","India","","Data Engineer","Consultant, Development -Data Engineering","Bengaluru, Karnataka, India","via Linkedin","Full-time","India",884,"2"
"","2023-01-08 08:53:56",1,"","","","Uruguay","","Senior Data Engineer","SENIOR DATA ENGINEER","Montevideo, Montevideo Department, Uruguay","via Indeed Uruguay","Full-time","Uruguay",908,"2"
1,"2023-09-04 17:27:01",1,"","","","Brazil","","Data Engineer","Azure Data Engineer","Anywhere","via LinkedIn","Contractor","Brazil",1104,"2"
"","2023-12-27 09:42:17","","","","","Belgium","","Data Analyst","Business Data Analyst","Brussels, Belgium","via Indeed","Full-time","Belgium",1125,"2"
1,"2023-12-06 22:00:34","","","","","New York, United States","","Data Analyst","Data Analyst","Anywhere","via LinkedIn","Full-time","United States",1148,"2"
"","2023-11-28 07:26:33","","","","","Spain","","Senior Data Scientist","Senior Data Scientist","Barcelona, Spain","via BeBee","Full-time","Spain",1193,"2"
"","2023-06-30 17:08:04","","","","","Florida, United States","","Data Scientist","Director, Data Science","Atlanta, GA","via BeBee","Full-time","United States",1455,"2"
"","2023-01-01 23:12:28","","","","","Sudan","","Data Scientist","Data Scientist","Austin, TX","via LinkedIn","Contractor","Sudan",1476,"3"
"","2023-01-01 23:17:28",1,"","","","Georgia","","Data Analyst","Data Analyst","Charlotte, NC","via LinkedIn","Contractor","United States",1476,"2"
"","2023-01-01 23:35:39","","","","","Canada","","Data Engineer","Azure Data Engineer","Toronto, ON, Canada","via LinkedIn","Contractor","Canada",1476,"2"
"","2023-04-05 10:27:58",1,"","","","Puerto Rico","","Data Analyst","Data Analyst","Puerto Rico","via Trabajo.org","Full-time","Puerto Rico",1476,"2"
"","2023-06-09 13:30:15",1,"","","","Portugal","","Data Engineer","Data Engineer","Portalegre, Portugal","via BeBee Portugal","Full-time","Portugal",1477,"2"
"","2023-07-26 07:53:15","","","","","Portugal","","Data Analyst","Data Analyst","Lisbon, Portugal","via Empregos Trabajo.org","Full-time","Portugal",1477,"2"
"","2023-02-08 21:47:18","","","","","Hong Kong","","Data Scientist","Consultant - Data Science & Analytics","Hong Kong","via BeBee 香港","Full-time","Hong Kong",1539,"2"
"","2022-12-31 17:09:30",1,"","","","Ireland","","Cloud Engineer","Senior Cloud Engineer","Dublin, Ireland","via Trabajo.org","Full-time","Ireland",1625,"2"
"","2023-01-30 16:28:31",1,"","","","Ireland","","Software Engineer","Senior Software Engineer in Test","Galway, Ireland","via BeBee Ireland","Contractor","Ireland",1625,"2"
"","2023-12-02 15:35:52","","","","","Singapore","","Data Analyst","Privacy Engineer","Singapore","via BeBee Singapore","Full-time","Singapore",1680,"2"
"","2023-08-19 07:25:19","","","","","United Arab Emirates","","Data Scientist","Data Scientist","Abu Dhabi - United Arab Emirates","via Trabajo.org","Full-time","United Arab Emirates",1713,"2"
"","2023-08-27 07:13:30",1,"","","","Egypt","","Data Scientist","MIS Analyst","Cairo, Egypt","via BeBee","Full-time","Egypt",1713,"2"
"","2023-10-14 08:14:31","","","","","United Arab Emirates","","Data Scientist","Data Scientist","Abu Dhabi - United Arab Emirates","via BeBee","Full-time","United Arab Emirates",1713,"2"
"","2023-11-04 06:51:31",1,"","","","Egypt","","Data Scientist","Mis Analyst","Egypt","via Trabajo.org","Full-time","Egypt",1713,"2"
"","2023-04-07 07:34:03",1,"","","","Philippines","","Data Engineer","Cloud Data Engineer","Taguig, Metro Manila, Philippines","via Indeed","Full-time","Philippines",1718,"2"
"","2023-07-21 16:46:22","","","","","Philippines","","Business Analyst","Analyst","Makati, Metro Manila, Philippines","via Trabajo.org","Full-time","Philippines",1718,"2"
"","2023-11-24 07:23:27","","","","","Taiwan","","Data Scientist","Data Scientist","Taipei, Taiwan","via Indeed 台灣","","Taiwan",1747,"2"
"","2023-04-18 23:58:16","","","","","New Zealand","","Senior Data Engineer","Senior Data Engineer","New Zealand","via JobLeads","Full-time","New Zealand",1763,"2"
"","2023-06-30 17:30:12","","","","","France","","Software Engineer","MS Engineer","Paris, France","via Emplois Trabajo.org","Full-time","France",1763,"2"
"","2023-07-11 14:54:51","","","","","France","","Software Engineer","MS Engineer","Paris, France","via Emplois Trabajo.org","Full-time","France",1763,"2"
"","2023-07-01 09:09:30",1,"","","","Malaysia","","Senior Data Analyst","Senior Data Analyst","Kuala Lumpur, Federal Territory of Kuala Lumpur, Malaysia","via Trabajo.org","Full-time","Malaysia",1849,"2"
"","2023-10-11 14:25:25","","","","","Czechia","","Data Analyst","Data Analyst","Prague, Czechia","via Technojobs","Full-time","Czechia",1973,"2"
"","2023-10-19 10:58:11",1,"","","","Poland","","Software Engineer","Staff Software Engineer","Poland","via Praca Trabajo.org","Full-time","Poland",2058,"2"
"","2023-12-21 17:11:13","","","","","Mexico","","Business Analyst","Sales Processing Analyst","Tlaquepaque, Jalisco, Mexico","via BeBee","Full-time","Mexico",2090,"2"
1,"2023-01-12 00:25:12",1,"","","","Brazil","","Data Engineer","Data Engineer (Amazon Web Services)","Anywhere","via Recruit.net","Full-time","Brazil",2195,"2"
"","2023-01-26 09:29:13","","","","","Belgium","","Data Analyst","Data Analyst","Brussels, Belgium","via StepStone","Full-time","Belgium",2311,"2"
1,"2023-05-06 07:39:13","","","","","Poland","","Data Analyst","Supply Chain Data Analyst","Anywhere","via Jobgether","Full-time","Poland",2406,"2"
1,"2023-05-06 08:08:09","","","","","Ukraine","","Data Scientist","Data Scientist","Anywhere","via Jobgether","Full-time","Ukraine",2406,"2"
"","2023-12-03 08:07:36",1,"","","","United Kingdom","","Senior Data Engineer","Senior Data Engineer","Seaford, UK","via LifeworQ","Full-time","United Kingdom",2447,"2"
"","2023-01-11 09:40:35",1,"","","","Denmark","","Software Engineer","Senior Software Engineer","Copenhagen, Denmark","via BeBee","Full-time","Denmark",2507,"2"
"","2023-08-21 19:01:19",1,1,"","","California, United States","","Senior Data Analyst","Senior Data Analyst","Los Angeles, CA","via BeBee","Full-time","United States",2532,"2"
"","2023-01-28 00:09:15",1,"","","","Australia","","Senior Data Analyst","Senior Data Analyst","Australia","via Emprego.pt","Full-time","Australia",2611,"2"
"","2023-01-31 00:11:55","","","","","India","","Data Scientist","Data Scientist","India","via Emprego.pt","Full-time","India",2611,"2"
"","2023-01-31 00:27:00","","","","","Australia","","Business Analyst","Analyst","Australia","via Emprego.pt","Full-time","Australia",2611,"2"
"","2023-01-31 23:53:50",1,"","","","Australia","","Data Analyst","Data Analyst","Australia","via Emprego.pt","Full-time","Australia",2611,"2"
"","2023-02-03 23:33:05",1,"","","","India","","Data Analyst","Data Analyst","India","via Emprego.pt","Full-time","India",2611,"2"
"","2023-02-10 23:51:30","","","","","India","","Data Engineer","Data Engineer","India","via Emprego.pt","Full-time","India",2611,"2"
"","2023-03-27 00:19:31",1,"","","","Australia","","Data Analyst","Data Analyst","Australia","via EMPREGO","Full-time","Australia",2611,"2"
"","2023-04-20 00:14:26",1,"","","","Australia","","Data Analyst","Data Analyst","Australia","via EMPREGO","Full-time","Australia",2611,"2"
"","2023-08-05 23:50:17","","","","","South Africa","","Data Analyst","Data Analyst","South Africa","via EMPREGO.pt","Full-time","South Africa",2611,"2"
"","2023-08-05 23:50:17",1,"","","","South Africa","","Data Analyst","Data Analyst","South Africa","via EMPREGO.pt","Full-time","South Africa",2611,"3"
"","2023-08-16 23:50:32","","","","","India","","Business Analyst","Business Analyst","India","via EMPREGO.pt","Full-time","India",2611,"2"
"","2023-06-27 12:33:35","","","","","Germany","","Data Scientist","Data Scientist - Fraud and Abuse Detection","Munich, Germany","via Startup Jobs","Full-time","Germany",2616,"2"
"","2023-03-28 18:19:26","","","","","Georgia","","Data Engineer","Data Engineer","Reston, VA","via LinkedIn","Full-time","United States",2675,"2"
1,"2023-08-17 01:14:31","","","","","Georgia","","Data Analyst","Data Analyst - Remote | WFH","Anywhere","via LinkedIn","Full-time","United States",2686,"2"
"","2023-03-20 10:07:16","","","","","California, United States","","Data Scientist","Data Scientist","Hawthorne, CA","via BeBee","Full-time","United States",2710,"2"
"","2023-05-17 14:29:14","","","","","Canada","","Data Engineer","Data Engineer","North Vancouver, BC, Canada","via BeBee Canada","Full-time","Canada",2844,"2"
"","2023-10-01 17:17:17","","","","","Canada","","Data Engineer","Data Engineer","Vancouver, BC, Canada","via BeBee Canada","Full-time","Canada",2844,"2"
"","2023-12-12 22:49:02",1,"","","","Ireland","","Software Engineer","Software Engineer","Limerick, Ireland","via Trabajo.org","Full-time","Ireland",2961,"2"
"","2023-05-03 00:27:36",1,"","","","Portugal","","Data Analyst","DATA ANALYST (M/F/D)","Lisbon, Portugal","via Indeed","Full-time","Portugal",3010,"2"
"","2023-12-25 07:23:18","","","","","Malaysia","","Data Scientist","data scientist","Kuala Lumpur, Federal Territory of Kuala Lumpur, Malaysia","via BeBee Malaysia","Full-time","Malaysia",3041,"2"
"","2023-01-24 23:20:03",1,"","","","Poland","","Software Engineer","Backend Engineer","Warsaw, Poland","via Snowflake Careers","Full-time","Poland",3070,"2"
"","2023-01-01 23:04:33","","","","","California, United States","","Data Scientist","Entry Level Data Scientist","San Diego, CA","via LinkedIn","Full-time","United States",3332,"2"
"","2023-10-10 12:16:23","","","","","Germany","","Data Engineer","Data Engineer","Germany","via BeBee","Full-time","Germany",3427,"2"
"","2023-06-06 15:13:24","","","","","Hong Kong","","Senior Data Scientist","Senior Data Scientist, Financial Services","Hong Kong","via Indeed HK","Full-time","Hong Kong",4015,"2"
1,"2023-10-23 16:09:08",1,"","","","India","","Data Engineer","Data Engineer","Anywhere","via Indeed","Full-time","India",4084,"2"
"","2023-03-06 07:33:44","","","","","Costa Rica","","Software Engineer","Software Engineer","San José Province, San José, Costa Rica","via BeBee Costa Rica","Full-time","Costa Rica",4106,"2"
"","2023-02-22 14:52:03",1,"","","","Czechia","","Business Analyst","Business Intelligence Analyst","Czechia","via Trabajo.org","Full-time","Czechia",4167,"2"
1,"2023-12-19 15:14:32","","","","","Mexico","","Data Engineer","Data Engineer from Mexico","Anywhere","via Jobgether","Full-time","Mexico",4243,"2"
"","2023-02-16 07:16:28","","","","","France","","Data Scientist","Data Scientist","France","via BeBee","Full-time","France",4310,"2"
"","2023-03-25 18:36:19","","","","","France","","Data Analyst","Data Analyst","France","via BeBee","Full-time","France",4310,"2"
"","2023-04-26 02:23:43",1,"","","","Malaysia","","Data Engineer","Data Engineer","Kuala Lumpur, Federal Territory of Kuala Lumpur, Malaysia","via LinkedIn","","Malaysia",4544,"2"
"","2023-11-20 09:20:54","","","","","Malaysia","","Data Engineer","Data Engineer","Kuala Lumpur, Federal Territory of Kuala Lumpur, Malaysia","via LinkedIn","","Malaysia",4544,"2"
"","2023-07-14 12:20:23","","","","","Philippines","","Data Scientist","Data Scientist","Taguig, Metro Manila, Philippines","via Jooble","Full-time","Philippines",4565,"2"
"","2023-12-25 19:25:21","","","","","Singapore","","Data Analyst","Data Analyst | Bank","Singapore","via Jobs Trabajo.org","Full-time and Contractor","Singapore",4575,"2"
"","2023-07-26 08:43:08","","","","","Costa Rica","","Software Engineer","Senior Technical Engineer","San José Province, San José, Costa Rica","via BeBee Costa Rica","Full-time","Costa Rica",4631,"2"
"","2023-03-19 17:35:09",1,"","","","Peru","","Data Engineer","Data Engineer","Peru","via Trabajo.org","Full-time","Peru",4847,"2"
"","2023-09-10 13:24:24",1,"","","","Malaysia","","Data Engineer","Data Engineer","Malaysia","via Jooble","Full-time","Malaysia",4857,"2"
"","2023-08-28 18:36:56","","","","","Portugal","","Senior Data Scientist","Senior Data Scientist","Lisbon, Portugal","via Empregos Trabajo.org","Full-time","Portugal",4910,"2"
"","2023-07-12 17:11:32","","","","","India","","Data Analyst","Data Analyst","India","via BeBee India","Full-time","India",4932,"2"
"","2023-10-18 18:11:00",1,"","","","India","","Data Analyst","Data Analyst II","India","via BeBee India","Full-time","India",4932,"2"
"","2023-04-13 09:06:12","",1,"","","Florida, United States","","Data Scientist","Data Scientist II","Atlanta, GA","via Trabajo.org","Full-time","United States",5014,"2"
"","2023-03-17 11:40:55","","","","","Poland","","Software Engineer","Software Engineer","Kraków, Poland","via The Muse","Full-time","Poland",5067,"2"
"","2023-07-06 08:18:38","","","","","Brazil","","Software Engineer","Design Engineer","Brazil","via BeBee","Full-time","Brazil",5110,"2"
"","2023-02-22 16:39:36","","","","","South Africa","","Data Scientist","Data Scientist","Cape Town, South Africa","via BeBee South Africa","Full-time","South Africa",5150,"2"
"","2023-03-01 07:32:26","","","","","South Africa","","Data Analyst","Data Analyst","South Africa","via BeBee South Africa","Full-time","South Africa",5150,"2"
"","2023-03-01 07:32:36","","","","","South Africa","","Data Scientist","Data Scientist","South Africa","via BeBee South Africa","Full-time","South Africa",5150,"2"
"","2023-01-22 06:22:02","","","","","Philippines","","Data Engineer","Process Data Engineer","Makati, Metro Manila, Philippines","via Trabajo.org","Full-time","Philippines",5361,"2"
"","2023-01-22 06:22:02","","","","","Philippines","","Senior Data Engineer","Senior Process Data Engineer","Makati, Metro Manila, Philippines","via Trabajo.org","Full-time","Philippines",5361,"2"
"","2023-09-03 15:33:44","","","","","Portugal","","Data Scientist","Data Scientist","Lisbon, Portugal","via Empregos Trabajo.org","Full-time","Portugal",5432,"2"
"","2023-01-13 00:13:18","","","","","Guatemala","","Business Analyst","Analyst","Guatemala City, Guatemala","via Fidanto","Full-time","Guatemala",5501,"2"
"","2023-06-28 17:04:26","","","","","Kenya","","Software Engineer","Software Engineering Manager","Nairobi, Kenya","via BeBee Kenya","Full-time","Kenya",5624,"3"
"","2023-02-14 12:37:55",1,"","","","Poland","","Data Engineer","Data Engineer","Poland","via Trabajo.org","Full-time","Poland",5772,"2"
"","2023-05-29 18:14:10",1,"","","","Poland","","Data Engineer","Data Engineer","Poland","via Praca Trabajo.org","Full-time","Poland",5772,"2"
"","2023-06-09 10:32:22","","","","","Belgium","","Data Analyst","Data Analyst","Brussels, Belgium","via Indeed","Full-time","Belgium",5930,"2"
"","2023-11-23 23:49:07","","","","","Sudan","","Data Scientist","Principal data scientist","Beaumont, TX","via Talent.com","Full-time","Sudan",6129,"2"
"","2023-06-27 14:34:00","","","","","India","","Business Analyst","Analyst","Telangana, India","via SimplyHired","Full-time","India",6185,"2"
"","2023-10-26 11:18:29",1,"","","","Austria","","Data Engineer","Data Engineer","Austria","via Jobs Trabajo.org","Full-time","Austria",6229,"2"
"","2023-10-07 17:12:18","","","","","Germany","","Data Scientist","(Junior) Data Scientist (w/m/d)","Würzburg, Germany","via LinkedIn","Full-time","Germany",6326,"2"
"","2023-02-25 13:56:15",1,"","","","Chile","","Data Engineer","Práctica Data Engineer","Las Condes, Chile","via Trabajo.org","Full-time","Chile",6428,"2"
"","2023-07-24 16:39:09","","","","","Switzerland","","Machine Learning Engineer","Data Scientist / Machine Learning Engineer","Bern, Switzerland","via XING","Full-time","Switzerland",6535,"2"
"","2023-12-21 17:43:54","","","","","Switzerland","","Data Engineer","Data Engineer","Lausanne, Switzerland","via XING","Full-time","Switzerland",6535,"2"
"","2023-01-12 17:11:37","","","","","Hong Kong","","Data Scientist","Data Scientist","Hong Kong","via Trabajo.org","Full-time","Hong Kong",6575,"2"
"","2023-03-05 16:35:43","","","","","Hong Kong","","Senior Data Analyst","Senior Data Analytics Manager","Hong Kong","via Trabajo.org - Job Search - Jobs","Full-time","Hong Kong",6575,"2"
"","2023-04-19 07:05:32","","","","","Illinois, United States","","Data Scientist","Data Scientist","Chicago, IL","via LinkedIn","Full-time","United States",6748,"2"
"","2023-01-02 19:26:34","","","","","United Kingdom","","Data Analyst","Data Analyst","United Kingdom","via LinkedIn","Full-time","United Kingdom",7084,"2"
"","2023-12-21 13:38:00",1,"","","","Philippines","","Data Analyst","Data Analyst","Taguig, Metro Manila, Philippines","via Trabajo.org","Full-time","Philippines",7084,"2"
"","2023-08-05 20:54:30","","","","","Denmark","","Business Analyst","Business Analytics Consultant","Aarhus, Denmark","via Trabajo.org","Full-time","Denmark",7242,"2"
"","2023-03-17 18:38:49","","","","","United Arab Emirates","","Data Scientist","Chief Analyst Jobs","Dubai - United Arab Emirates","via Jobs In United Arab Emirates 2023","Full-time","United Arab Emirates",7248,"2"
"","2023-08-30 14:00:07","",1,"97086.5","","New York, United States","year","Data Analyst","Data Analyst","New Brunswick, NJ","via Indeed","Full-time","United States",7498,"2"
"","2023-12-04 15:33:44",1,"","","","Belgium","","Data Analyst","Carrefour Finance: Market Data Analyst","Zaventem, Belgium","via Indeed","Full-time","Belgium",7550,"2"
"","2023-10-30 13:25:04",1,"","","","Belgium","","Data Analyst","Data analist","Brussels, Belgium","via LinkedIn Belgium","Full-time","Belgium",7657,"2"
"","2023-04-29 17:26:03","","","","","Morocco","","Software Engineer","Software Engineer","Casablanca, Morocco","via Emplois Trabajo.org","Full-time","Morocco",7907,"2"
"","2023-06-29 13:58:40",1,"","","","Brazil","","Data Engineer","Data Engineer Pleno a Sênior","São Paulo, State of São Paulo, Brazil","via BeBee","Full-time","Brazil",7911,"2"
"","2023-06-23 15:01:31","","","","","Italy","","Data Analyst","D365 Functional Analyst","Italy","via BeBee","Full-time","Italy",7921,"2"
"","2023-12-23 16:37:27",1,"","","","Peru","","Software Engineer","Software Engineer Mid","Lima, Peru","via BeBee Perú","Full-time","Peru",7983,"2"
"","2023-09-02 09:20:44","",1,"","","Georgia","","Data Scientist","Data Scientist","Annapolis Junction, MD","via LinkedIn","Full-time","United States",8008,"2"
"","2023-08-03 06:23:21","","","","","Colombia","","Machine Learning Engineer","Machine Learning Engineer","Bogotá, Bogota, Colombia","via Trabajo.org - Vacantes De Empleo, Trabajo","Full-time","Colombia",8208,"2"
"","2023-11-17 07:59:16","","","","","Costa Rica","","Data Analyst","Patient Insights Solution Engineer","San José Province, San José, Costa Rica","via BeBee Costa Rica","Full-time","Costa Rica",8331,"2"
"","2023-09-11 07:21:46","","","","","Australia","","Senior Data Engineer","Senior Data Engineer","Sydney NSW, Australia","via LinkedIn","Full-time","Australia",8428,"2"
"","2023-09-26 09:15:28",1,"","","","Germany","","Data Engineer","Data Engineer (m/w/d) | Hamburg","Hamburg, Germany","via XING","Full-time","Germany",8516,"2"
"","2023-05-28 11:45:42",1,"","","","United Arab Emirates","","Data Analyst","Data Analyst","United Arab Emirates","via Jooble","Full-time","United Arab Emirates",8675,"2"
"","2023-12-14 09:16:14","","","","","Germany","","Data Scientist","Data Scientist, Informatiker, Physiker - Telematik, Big Data...","Coburg, Germany","via LinkedIn","Full-time","Germany",8852,"2"
"","2023-12-20 17:27:33",1,"","","","France","","Data Engineer","Data engineer/ingénieur F/H","Paris, France","via Emplois Trabajo.org","Full-time","France",9016,"3"
"","2023-11-02 07:30:50","","","","","Vietnam","","Data Scientist","Data Scientist","Ho Chi Minh City, Vietnam","via BeBee","Full-time","Vietnam",9044,"2"
"","2023-03-27 09:23:30","","","","","India","","Senior Data Engineer","Senior Data Engineer","Bengaluru, Karnataka, India","via LinkedIn","Full-time","India",9131,"2"
"","2023-03-04 07:29:47","","","","","Mexico","","Data Scientist","Finance Data Scientist","San Pedro Garza García, Nuevo Leon, Mexico","via BeBee México","Full-time","Mexico",9338,"2"
"","2023-07-07 17:31:36",1,"","","","France","","Data Analyst","Data Analyst en alternance","Paris, France","via LinkedIn","Internship","France",9488,"2"
1,"2023-06-20 14:25:07","","","","","France","","Data Analyst","Alternance - Chargé Data Analyst F/H","Anywhere","via LinkedIn","Contractor","France",9488,"2"
"","2023-03-22 19:35:34",1,"","","","Spain","","Data Engineer","Data Engineer","Madrid, Spain","via LinkedIn","Full-time","Spain",9751,"2"
1,"2023-07-26 18:19:48","","","","","South Africa","","Data Analyst","Data Analyst","Anywhere","via Indeed","","South Africa",10017,"2"
"","2023-06-21 12:19:08","","","","","Singapore","","Data Engineer","Data Engineer","Singapore","via BeBee Singapore","Full-time","Singapore",10059,"2"
"","2023-08-19 18:15:31",1,"","","","Saudi Arabia","","Data Analyst","Data Analyst","Riyadh Saudi Arabia","via Trabajo.org","Full-time","Saudi Arabia",10078,"2"
"","2023-07-21 16:48:34","","","","","Kenya","","Software Engineer","Senior Engineer","Nairobi, Kenya","via Trabajo.org","Full-time","Kenya",10090,"2"
"","2023-10-24 09:14:52","","","","","United Kingdom","","Senior Data Scientist","Senior Data Scientist","London, UK","via LinkedIn","Full-time","United Kingdom",10195,"2"
"","2023-07-11 17:51:41",1,"","","","Denmark","","Software Engineer","Senior Product Analyst","Copenhagen, Denmark","via Trabajo.org","Full-time","Denmark",10233,"2"
"","2023-06-26 08:59:03","","","","","Belgium","","Data Scientist","Data Scientist","Halle, Belgium","via LinkedIn","Full-time","Belgium",10303,"2"
"","2023-08-01 06:22:00","","","","","South Africa","","Data Scientist","Data Scientist","South Africa","via Trabajo.org","Full-time","South Africa",10450,"2"
"","2023-12-26 17:14:46","","","","","Singapore","","Data Scientist","Data Science Intern","Singapore","via BeBee Singapore","Internship","Singapore",10520,"2"
"","2023-07-06 08:28:55",1,"","","","Sweden","","Data Analyst","Data Analyst","Stockholm, Sweden","via LinkedIn","Contractor","Sweden",10540,"2"
"","2023-05-17 03:44:34",1,"","","","Qatar","","Data Analyst","Data Analyst","Doha, Qatar","via Trabajo.org","Full-time","Qatar",10787,"2"
"","2023-07-10 19:57:16","","","","","Qatar","","Data Analyst","Data Analyst","Doha, Qatar","via Trabajo.org","Full-time","Qatar",10787,"2"
1,"2023-09-11 10:00:24","",1,"90000.0","","New York, United States","year","Data Analyst","Data Analyst","Anywhere","via Get.It","Full-time","United States",11082,"2"
"","2023-08-01 19:24:35",1,"","","","Sweden","","Business Analyst","Process Risk Engineer","Malmö, Sweden","via Trabajo.org","Full-time","Sweden",11175,"2"
"","2023-04-27 23:31:56",1,"","","","Chile","","Data Engineer","Entry data engineer","Santiago, Chile","via Sercanto","Full-time","Chile",11197,"2"
"","2023-08-05 18:14:41",1,"","","","Colombia","","Data Engineer","Data Quality Engineer","Bogotá, Bogota, Colombia","via Trabajo.org - Vacantes De Empleo, Trabajo","Full-time","Colombia",11215,"2"
"","2023-03-23 07:33:06","","","","","Malaysia","","Data Analyst","Data Analyst Intern","Kuala Lumpur, Federal Territory of Kuala Lumpur, Malaysia","via BeBee Malaysia","Internship","Malaysia",11398,"2"
"","2023-05-03 08:02:37","","","","","Malaysia","","Business Analyst","Business Analyst","Kuala Lumpur, Federal Territory of Kuala Lumpur, Malaysia","via BeBee Malaysia","Full-time","Malaysia",11398,"2"
"","2023-08-18 18:35:43","","","","","Singapore","","Data Analyst","Data Analyst Intern","Singapore","via BeBee Singapore","Full-time","Singapore",11398,"2"
"","2023-03-02 17:31:35","","","","","Mexico","","Data Scientist","Data Scientist","Mexico City, CDMX, Mexico","via BeBee México","Full-time","Mexico",11743,"2"
"","2023-11-20 15:03:53","",1,"","","Illinois, United States","","Data Scientist","Staff Data Scientist","Chicago, IL","via LinkedIn","Full-time","United States",12147,"2"
"","2023-12-08 16:16:08","","","","","United Kingdom","","Data Engineer","Data Engineer","London, UK","via Indeed","Full-time","United Kingdom",12444,"2"
"","2023-07-19 15:11:49","","","","","Pakistan","","Data Scientist","Data Scientist - Lahore","Lahore, Pakistan","via Indeed","Full-time","Pakistan",12541,"2"
"","2023-09-08 18:26:54","","","","","Italy","","Senior Data Scientist","Senior Data Scientist","Milan, Metropolitan City of Milan, Italy","via SimplyHired","Full-time","Italy",12676,"2"
"","2023-01-30 14:31:12",1,"","","","Sweden","","Data Engineer","Data Engineer","Stockholm, Sweden","via LinkedIn","Full-time","Sweden",12979,"2"
1,"2023-03-01 23:34:10",1,"","","","Colombia","","Data Engineer","Data Engineer","Anywhere","via EMPREGO","Full-time","Colombia",13048,"2"
"","2023-07-19 11:22:59","","","","","United Arab Emirates","","Data Engineer","Lead Data Engineer","Dubai - United Arab Emirates","via Indeed","Full-time","United Arab Emirates",13372,"2"
"","2023-08-18 18:13:41","","","","","India","","Data Analyst","Data Analyst Internship at Pune","India","via BeBee India","Part-time","India",13388,"2"
"","2023-08-18 18:13:41","","","","","India","","Data Analyst","Data Analyst Internship in Pune","India","via BeBee India","Part-time","India",13388,"2"
"","2023-08-18 18:13:42","","","","","India","","Data Analyst","Data Analyst Internship at Pune","India","via BeBee India","Part-time","India",13388,"2"
"","2023-08-26 07:11:13","","","","","India","","Data Analyst","Data Analyst Internship at Pune","India","via BeBee India","Part-time","India",13388,"3"
"","2023-08-26 07:12:01","","","","","India","","Data Scientist","Data Science Internship at Pune","India","via BeBee India","Part-time","India",13388,"2"
"","2023-11-11 08:09:47","","","","","India","","Data Analyst","Data Analyst Internship at Pune","India","via BeBee India","Part-time and Internship","India",13388,"2"
"","2023-01-05 17:56:16","","","","","Qatar","","Data Scientist","Data Scientist","Qatar","via Trabajo.org","Full-time","Qatar",13404,"2"
"","2023-05-17 14:33:27",1,"","","","United Kingdom","","Senior Data Engineer","Senior Data Engineer","London, UK","via WANE Jobs","Full-time","United Kingdom",13446,"2"
"","2023-03-13 14:38:03","","","","","Czechia","","Data Scientist","Data Scientist","Prague, Czechia","via Trabajo.org","Full-time","Czechia",13492,"2"
"","2023-02-15 18:02:15","","","","","Belgium","","Data Engineer","Data Engineer","Brussels, Belgium","via LinkedIn Belgium","Full-time","Belgium",14286,"2"
1,"2023-02-16 11:16:36",1,"","","","France","","Senior Data Engineer","Senior Data Engineer","Anywhere","via Welcome To The Jungle","Full-time","France",14835,"2"
"","2023-04-16 06:29:25",1,"","","","Australia","","Software Engineer","Software Engineer","Camberwell VIC, Australia","via Jobs Trabajo.org","Full-time","Australia",15987,"2"
"","2023-09-03 07:43:54","","","","","Hong Kong","","Business Analyst","Business Analyst","Hong Kong","via BeBee 香港","Full-time","Hong Kong",16043,"3"
1,"2023-01-04 23:59:00",1,"","","","Honduras","","Data Engineer","Data Engineer","Anywhere","via Fidanto","Full-time","Honduras",16183,"2"
1,"2023-01-27 23:36:21",1,"","","","Honduras","","Data Engineer","Data Engineer","Anywhere","via Fidanto","Full-time","Honduras",16183,"2"
"","2023-03-07 09:37:11","","","","","Poland","","Data Scientist","Data Team Lead","Warsaw, Poland","via Trabajo.org","Full-time","Poland",16748,"2"
"","2023-03-07 09:37:49","","","","","Poland","","Software Engineer","DevOps Engineer","Warsaw, Poland","via Trabajo.org","Full-time","Poland",16748,"2"
"","2023-01-04 23:35:44",1,"","","","United Kingdom","","Data Analyst","Trainee Data Analyst","United Kingdom","via Recruit.net","Full-time","United Kingdom",16846,"2"
"","2023-05-01 20:24:15","","","","","Switzerland","","Data Engineer","Data Analytics & AI Engineer","Zürich, Switzerland","via Jobeo","Full-time","Switzerland",16934,"2"
"","2023-06-08 14:44:19",1,"","","","Switzerland","","Data Engineer","Business Intelligence Data Engineer","Zürich, Switzerland","via LinkedIn","Full-time","Switzerland",16934,"2"
"","2023-02-09 07:35:28","","","","","Mexico","","Data Analyst","Data Analyst for Supply Chain (SQL and Python)","San José Iturbide, Guanajuato, Mexico","via Jobs At Colgate","Full-time","Mexico",17303,"2"
"","2023-09-03 07:43:54","","","","","Hong Kong","","Business Analyst","Business Analyst","Hong Kong","via BeBee 香港","Full-time","Hong Kong",17664,"2"
"","2023-07-28 00:16:47",1,"","","","Brazil","","Data Engineer","Data Engineer","Manaus, State of Amazonas, Brazil","via Catho","Full-time","Brazil",18049,"3"
"","2023-08-13 00:13:36","","","","","Brazil","","Senior Data Scientist","Senior Data Scientist","São José do Rio Pardo, State of São Paulo, Brazil","via Catho","Full-time","Brazil",18049,"2"
"","2023-08-22 23:32:43",1,"","","","Brazil","","Data Engineer","Data Engineer","Manaus, State of Amazonas, Brazil","via Catho","Full-time","Brazil",18049,"2"
"","2023-12-15 08:33:57",1,"","","","Austria","","Data Engineer","Big Data Engineer","Austria","via Jobs Trabajo.org","Full-time","Austria",18102,"2"
"","2023-04-25 07:03:41","","","","","California, United States","","Data Scientist","Sr. Data Scientist","San Francisco, CA","via Trabajo.org","Full-time","United States",18264,"2"
"","2023-05-28 06:02:41","","","","","California, United States","","Data Scientist","Data Scientist","San Francisco, CA","via Trabajo.org","Full-time","United States",18264,"2"
"","2023-09-28 14:03:11","","","","","California, United States","","Data Scientist","Data Scientist","San Francisco, CA","via Trabajo.org","Full-time","United States",18264,"2"
"","2023-01-27 14:01:07",1,"","","","Poland","","Data Analyst","Data Analyst - Financial Services","Poland","via SmartRecruiters Job Search","Full-time","Poland",19247,"2"
"","2023-02-01 12:57:15",1,"","","","Poland","","Data Analyst","Data Analyst - Allegro Pay","Warsaw, Poland","via SmartRecruiters Job Search","Full-time","Poland",19247,"2"
"","2023-03-10 07:19:23",1,"","","","Poland","","Data Engineer","Data Platform Engineer (Allegro Pay)","Warsaw, Poland","via SmartRecruiters Job Search","Full-time","Poland",19247,"2"
1,"2023-11-11 10:18:42",1,"","","","Georgia","","Senior Data Analyst","SENIOR DATA ANALYST, SUPPLY CHAIN -- Remote | WFH","Anywhere","via LinkedIn","Full-time","United States",19746,"2"
"","2023-07-02 10:37:48","","","","","Brazil","","Cloud Engineer","Engineering Manager","Curitiba, State of Paraná, Brazil","via BeBee","Full-time","Brazil",19976,"2"
"","2023-08-12 07:54:34","","","","","Panama","","Software Engineer","Software Engineer","Panama City, Panama","via BeBee Panamá","Full-time","Panama",19976,"2"
"","2023-11-09 06:42:02","","","","","Portugal","","Cloud Engineer","Engineering Manager","Aveiro, Portugal","via BeBee Portugal","Full-time","Portugal",19976,"2"
"","2023-10-10 08:23:43",1,"","","","Australia","","Data Analyst","Data Analyst","Australia","via BeBee Australia","Full-time and Part-time","Australia",20244,"2"
"","2023-10-10 08:23:51","","","","","Australia","","Data Scientist","Data Scientist","Australia","via BeBee Australia","Full-time and Part-time","Australia",20244,"2"
"","2023-11-19 16:22:09","","","","","Hong Kong","","Cloud Engineer","Engineering Manager","Hong Kong","via BeBee 香港","Full-time","Hong Kong",20355,"2"
"","2023-08-15 06:39:59","","","","","Spain","","Senior Data Analyst","Data Analytics Senior Consultant","Madrid, Spain","via BeBee","Full-time","Spain",20561,"2"
"","2023-10-19 06:17:27",1,"","","","Austria","","Senior Data Engineer","Senior Data Engineer","Austria","via Jobs Trabajo.org","Full-time","Austria",20964,"2"
"","2023-05-25 08:31:11",1,"","","","Netherlands","","Data Engineer","Data Engineer","Maassluis, Netherlands","via SmartRecruiters Job Search","Full-time","Netherlands",22444,"2"
"","2023-12-25 14:25:38","","","","","Singapore","","Senior Data Scientist","Senior Data Scientist","Singapore","via BeBee Singapore","Full-time","Singapore",24482,"2"
"","2023-03-05 09:39:55",1,"","","","Ireland","","Data Analyst","Data Architect","Dublin, Ireland","via Trabajo.org","Full-time","Ireland",24512,"2"
"","2023-01-06 14:38:36","","","","","Singapore","","Data Scientist","Data Scientist","Singapore","via BeBee Singapore","Full-time","Singapore",24604,"2"
"","2023-06-05 09:33:56","","","","","United Kingdom","","Data Scientist","Data Scientist","London, UK","via LinkedIn","Full-time","United Kingdom",27745,"2"
"","2023-08-20 07:36:09","","","","","South Africa","","Data Scientist","Data Scientist","Johannesburg, South Africa","via BeBee South Africa","Full-time","South Africa",28354,"2"
1,"2023-07-25 20:15:59","","","","","Argentina","","Data Engineer","Data Engineer","Anywhere","via LinkedIn","Full-time","Argentina",28407,"2"
"","2023-04-29 10:21:46","","","","","Netherlands","","Data Scientist","Data Scientist | Amersfoort","Amersfoort, Netherlands","via LinkedIn","Full-time","Netherlands",29108,"2"
"","2023-11-04 06:53:56","","","","","Colombia","","Data Analyst","BI Data Analyst","Colombia, Huila, Colombia","via Trabajo.org - Vacantes De Empleo, Trabajo","Full-time","Colombia",32596,"2"
"","2023-06-17 19:29:16","","","","","Mexico","","Data Engineer","Data Engineer","San Pedro Garza García, Nuevo Leon, Mexico","via Trabajo.org - Vacantes De Empleo, Trabajo","Full-time","Mexico",33769,"2"
"","2023-01-06 22:46:13",1,"","","","South Africa","","Data Engineer","Data Engineer","Johannesburg, South Africa","via BeBee South Africa","Full-time","South Africa",36013,"2"
"","2023-11-28 20:25:50","","","","","Netherlands","","Senior Data Engineer","Senior Data Engineer","Netherlands","via BeBee","Full-time","Netherlands",36508,"2"
"","2023-03-31 14:37:13","","","","","Finland","","Cloud Engineer","Engineering Manager","Helsinki, Finland","via Trabajo.org","Full-time","Finland",38892,"2"
"","2023-10-20 16:35:37","","","","","Saudi Arabia","","Senior Data Scientist","Senior Data Scientist","Saudi Arabia","via BeBee","Full-time","Saudi Arabia",39010,"2"
"","2023-01-15 12:21:25","","","","","Portugal","","Software Engineer","Software Engineer","Lisbon, Portugal","via BeBee Portugal","Full-time","Portugal",39911,"2"
"","2023-03-03 10:00:03","",1,"","","New York, United States","","Data Analyst","Data Analyst","New York, NY","via LinkedIn","Full-time","United States",40512,"2"
1,"2023-08-09 19:01:03","",1,"","24.334999084472656","California, United States","hour","Data Analyst","Operations Data Analyst - Full-time","Anywhere","via Snagajob","Full-time","United States",40883,"2"
"","2023-08-20 23:54:52",1,"","","","Panama","","Data Analyst","ANALYST DATA","Colón, Panama","via Sercanto","Full-time","Panama",41551,"2"
"","2023-03-03 09:30:41","",1,"","","Sudan","","Data Scientist","Geographer/Physical Scientist (Data Scientist)","Grand Junction, CO","via LinkedIn","Full-time","Sudan",41716,"2"
"","2023-06-07 14:48:58","","","","","Czechia","","Machine Learning Engineer","Machine learning data engineer","Prague, Czechia","via Trabajo.org","Full-time","Czechia",41723,"2"
"","2023-10-12 12:33:09","","","","","Philippines","","Data Scientist","Reports Analyst","Manila, Metro Manila, Philippines","via LinkedIn Philippines","","Philippines",42381,"2"
"","2023-06-21 07:18:35","","","","","Singapore","","Data Analyst","Data Analyst","Singapore","via EFinancialCareers","Full-time","Singapore",43085,"2"
"","2023-12-27 09:15:06","","","","","France","","Data Engineer","Data Engineer H/F","Paris, France","via LinkedIn","Full-time","France",44678,"4"
"","2023-01-15 06:16:22","","","","","Canada","","Data Scientist","PSAS Science and Analytics","Canada","via Trabajo.org","Full-time","Canada",46323,"2"
"","2023-04-26 07:03:53","","","","","New York, United States","","Data Scientist","Data Scientist","New York, NY","via LinkedIn","Part-time","United States",46466,"2"
"","2023-04-29 07:03:00","","","","","New York, United States","","Data Scientist","Data Scientist","New York, NY","via LinkedIn","Part-time","United States",46466,"2"
"","2023-09-23 14:22:56","","","","","New York, United States","","Data Engineer","Data Engineer","New York, NY","via LinkedIn","Part-time","United States",46466,"2"
1,"2023-06-15 09:59:19","","","","","Zimbabwe","","Data Engineer","Data Engineer","Anywhere","via Jobgether","Full-time","Zimbabwe",48120,"2"
"","2023-07-01 09:15:36",1,"","","","Australia","","Software Engineer","Engineer I","Sydney NSW, Australia","via LinkedIn","Full-time","Australia",48880,"4"
"","2023-12-12 21:31:30",1,"","","","Australia","","Software Engineer","Engineer II","Sydney NSW, Australia","via LinkedIn","Full-time","Australia",48880,"3"
"","2023-01-30 09:26:37",1,"","","","Belgium","","Data Analyst","Master Data Analist - Regio Waregem","Waregem, Belgium","via LinkedIn Belgium","Full-time","Belgium",50165,"2"
"","2023-11-16 15:35:40","","","","","Puerto Rico","","Business Analyst","Business Analyst","San Juan, Puerto Rico","via BeBee Puerto Rico","Full-time","Puerto Rico",50742,"2"
"","2023-01-01 23:02:13",1,"","","","Texas, United States","","Data Analyst","Data Analyst","Frisco, TX","via LinkedIn","Contractor","United States",51132,"2"
"","2023-06-14 22:14:41",1,"","","","Spain","","Data Analyst","Data Analyst","Palma, Spain","via BeBee","Full-time","Spain",52153,"2"
"","2023-02-24 09:34:55",1,"","","","India","","Data Engineer","Azure Data Engineer","Pune, Maharashtra, India","via Indeed","Full-time","India",52449,"2"
"","2023-09-27 07:12:38","","","","","India","","Senior Data Engineer","Senior Data Engineer","Pune, Maharashtra, India  (+1 other)","via Aptiv","Full-time","India",53157,"2"
"","2023-06-24 07:18:12","","","","","South Africa","","Data Scientist","Principal Data Scientist","Sandton, South Africa","via Trabajo.org","Full-time","South Africa",54827,"2"
"","2023-03-07 11:43:54","","","","","United Kingdom","","Data Engineer","Data Engineer","Milton Keynes, UK","via LinkedIn","Full-time","United Kingdom",54986,"2"
"","2023-07-01 15:18:42","","","","","South Africa","","Data Scientist","Data Scientist","Cape Town, South Africa","via LinkedIn","Full-time","South Africa",55056,"2"
"","2023-07-01 15:18:42","","","","","South Africa","","Data Scientist","Data Scientist","Pretoria, South Africa","via LinkedIn","Full-time","South Africa",55056,"3"
"","2023-07-01 15:19:07","","","","","South Africa","","Data Scientist","Data Scientist","Stellenbosch, South Africa","via LinkedIn","Full-time","South Africa",55056,"2"
"","2023-07-01 15:19:14","","","","","South Africa","","Software Engineer","Software Engineer","Cape Town, South Africa","via LinkedIn","Full-time","South Africa",55056,"2"
"","2023-07-01 15:19:17","","","","","South Africa","","Software Engineer","Software Engineer","Cape Town, South Africa","via LinkedIn","Full-time","South Africa",55056,"2"
"","2023-01-30 09:35:26",1,"","","","Switzerland","","Data Engineer","Data Engineer (w/m/d)","Bern, Switzerland","via XING","Full-time","Switzerland",57809,"2"
1,"2023-02-23 16:41:34","","","","","France","","Data Engineer","Data Engineer H/F","Anywhere","via HelloWork","Full-time","France",61683,"2"
"","2023-06-26 18:19:08","","","","","Netherlands","","Data Scientist","Data Scientist","Groenlo, Netherlands","via LinkedIn","Full-time","Netherlands",61986,"2"
"","2023-09-02 08:19:48","",1,"76892.0","","Georgia","year","Data Analyst","Healthcare Data Analyst","Greenville, SC","via Get.It","Full-time","United States",62567,"2"
"","2023-08-18 18:35:27","","","","","Singapore","","Data Analyst","Data Analyst","Singapore","via BeBee Singapore","Full-time","Singapore",64939,"2"
"","2023-12-15 12:42:12","","","","","Singapore","","Data Analyst","Data Analyst","Singapore","via BeBee Singapore","Full-time","Singapore",64939,"2"
"","2023-04-03 14:41:55",1,"","","","Finland","","Software Engineer","Senior Software Engineer","Helsinki, Finland","via Trabajo.org","Full-time","Finland",65632,"2"
"","2023-02-24 16:40:03",1,"","","","Spain","","Data Analyst","Data Analyst","Madrid, Spain","via BeBee","Full-time","Spain",65638,"2"
"","2023-11-06 20:07:11",1,"","","","Australia","","Data Analyst","Data Analyst Full-time Permanent","Australia","via Adzuna","Full-time","Australia",68193,"2"
"","2023-11-16 21:13:03","","","","","Canada","","Senior Data Engineer","Senior Data Engineer","Toronto, ON, Canada","via Trabajo.org","Full-time","Canada",70667,"2"
"","2023-04-18 07:12:59","","","","","Sweden","","Business Analyst","Business IT Analyst","Södertälje, Sweden","via Trabajo.org","Full-time","Sweden",71346,"2"
"","2023-01-10 01:46:11","","","","","Malta","","Data Scientist","Junior Analyst","Malta","via BeBee Malta","Full-time","Malta",76604,"2"
"","2023-02-24 11:12:12","","","","","Malta","","Data Scientist","Junior Analyst","Birkirkara, Malta","via Trabajo.org","Full-time","Malta",76604,"2"
"","2023-07-26 14:55:45",1,"","","","Netherlands","","Software Engineer","Performance Analyst","Hilversum, Netherlands","via LinkedIn","Full-time","Netherlands",77409,"2"
"","2023-04-08 07:38:37","","","","","Brazil","","Cloud Engineer","Senior Cloud Support Engineer","São Paulo, State of São Paulo, Brazil","via Empregos Trabajo.org","Full-time","Brazil",78063,"2"
"","2023-04-24 09:25:44","","","","","Brazil","","Cloud Engineer","Senior Cloud Support Engineer","São Paulo, State of São Paulo, Brazil","via BeBee","Full-time","Brazil",78063,"2"
"","2023-11-23 09:23:12",1,"","","","France","","Software Engineer","Full Stack Engineer","Paris, France","via BeBee","Full-time","France",78829,"2"
"","2023-07-11 14:50:02",1,"","","","Colombia","","Data Engineer","Azure Data Engineer","Huila, Colombia","via Indeed","Full-time","Colombia",83786,"2"
"","2023-03-25 06:38:46",1,"","","","France","","Software Engineer","Solution Engineer","Paris, France","via Emplois Trabajo.org","Full-time","France",85192,"2"
"","2023-06-27 23:46:09",1,"","","","Sudan","","Data Engineer","Data Engineer","Texas","via Recruit.net","Contractor","Sudan",86357,"2"
"","2023-05-10 21:17:54",1,"","","","India","","Data Analyst","Data Analyst","India","via Indeed","Full-time","India",87001,"2"
"","2023-05-10 21:18:43",1,"","","","India","","Data Engineer","Data Engineer","India","via Indeed","Full-time","India",87001,"2"
"","2023-07-17 12:21:01","","","","","India","","Data Scientist","Data Scientist","India","via SimplyHired","Full-time","India",87001,"2"
"","2023-12-07 22:56:33","","","","","Belgium","","Data Scientist","Data scientist stage","Brussels, Belgium","via Indeed","Internship","Belgium",88202,"2"
"","2023-10-13 00:03:18","","","128816.0","","New York, United States","year","Data Scientist","Data Scientist","Virginia","via Federal Government Jobs","Full-time","United States",89501,"2"
"","2023-12-10 14:13:50","","","","","South Africa","","Data Scientist","Data Scientist","Johannesburg, South Africa","via Www.247jobsafricia.com","Full-time","South Africa",98072,"2"
1,"2023-12-25 08:26:14",1,"","","","Brazil","","Senior Data Engineer","Data engineer senior","Anywhere","via LinkedIn","Full-time","Brazil",99573,"2"
"","2023-03-15 16:35:11","","","","","Qatar","","Data Scientist","Open Data Manager","Doha, Qatar","via Trabajo.org","Full-time","Qatar",103367,"2"
"","2023-04-15 06:43:57",1,"","","","Czechia","","Data Analyst","Data Analyst","Brno, Czechia","via Trabajo.org","Full-time","Czechia",106481,"2"
"","2023-02-09 06:00:00","",1,"","","New York, United States","","Data Analyst","Data Analyst","New York, NY","via SimplyHired","Full-time","United States",117233,"2"
"","2023-05-30 13:26:36","","","","","Ireland","","Data Scientist","Data Scientist","Dublin, Ireland","via LinkedIn","Full-time","Ireland",117568,"2"
"","2023-06-02 06:43:48","","","","","Ireland","","Data Scientist","Data Scientist","Dublin, Ireland","via LinkedIn","Full-time","Ireland",117568,"2"
"","2023-02-23 16:38:45",1,"","","","Chile","","Software Engineer","Software Engineer","Santiago, Chile","via Trabajo.org","Full-time","Chile",121003,"3"
"","2023-08-28 07:34:58",1,"","","","Qatar","","Software Engineer","Software Engineer","Doha, Qatar","via BeBee دولة قطر","Full-time","Qatar",121486,"2"
"","2023-08-20 07:40:55","","","","","Denmark","","Business Analyst","Business Analytics Consultant","Aarhus, Denmark","via BeBee","Full-time","Denmark",122034,"2"
"","2023-11-02 06:22:00","","","","","Indonesia","","Data Scientist","Data Scientist","Jakarta, Indonesia","via Trabajo.org","Full-time","Indonesia",123553,"2"
"","2023-12-17 06:19:49",1,"","","","United Arab Emirates","","Software Engineer","IT Analyst","Sharjah - United Arab Emirates","via BeBee","Full-time","United Arab Emirates",133795,"2"
"","2023-01-03 16:55:35","","","","","Singapore","","Data Engineer","Data engineer","Singapore","via Jooble","","Singapore",138426,"2"
"","2023-10-20 05:12:12",1,"","","","Costa Rica","","Data Analyst","Tech Help Engineer","San José Province, San José, Costa Rica","via BeBee","Full-time","Costa Rica",140151,"2"
"","2023-10-24 16:18:36","","","","","Poland","","Senior Data Analyst","Senior Data Analyst","Warsaw, Poland","via Praca Trabajo.org","Full-time","Poland",141621,"2"
"","2023-10-24 16:18:58",1,"","","","Poland","","Software Engineer","Senior Platform Engineer","Warsaw, Poland","via Praca Trabajo.org","Full-time","Poland",141621,"2"
"","2023-11-01 18:20:31",1,"","","","Poland","","Senior Data Analyst","Senior Data Analyst","Warsaw, Poland","via Praca Trabajo.org","Full-time","Poland",141621,"2"
"","2023-03-01 16:41:16","","","","","Kenya","","Software Engineer","Senior Software Engineer","Nairobi, Kenya","via Trabajo.org","Full-time","Kenya",147511,"2"
"","2023-06-26 16:48:01",1,"","","","Austria","","Data Engineer","Research Data Engineer (f/m/x) / Research Data Engineer (w/m/x)","Vienna, Austria","via Indeed","Full-time","Austria",149434,"2"
"","2023-06-19 15:41:13","","","","","Switzerland","","Data Analyst","Data Analyst Supply Chain Management (f/m/d) 60-80%","Reinach, Switzerland","via LinkedIn","Full-time","Switzerland",151607,"2"
"","2023-08-11 00:10:46","","","","","Panama","","Data Scientist","DATA SCIENTIST","Panama City, Panama","via Sercanto","Full-time","Panama",161601,"2"
1,"2023-05-04 07:14:50",1,"","","","India","","Software Engineer","Spotfire Engineer","Anywhere","via LinkedIn","Full-time","India",169914,"2"
"","2023-09-18 00:18:10",1,"","","","United Arab Emirates","","Data Analyst","data analyst","United Arab Emirates","via وظائف","Full-time","United Arab Emirates",173628,"2"
"","2023-11-23 13:15:24",1,"","","","India","","Data Engineer","Data Engineer","India","via Jobaaj.com","Full-time","India",196709,"2"
"","2023-04-13 15:34:35","","","","","Nepal","","Machine Learning Engineer","Machine Learning Engineer","Lalitpur, Nepal","via Merojob","Full-time","Nepal",210937,"2"
"","2023-08-02 11:45:23","","","","","Nepal","","Machine Learning Engineer","Machine Learning Engineer","Lalitpur, Nepal","via Merojob","Full-time","Nepal",210937,"2"
"","2023-08-03 11:27:43",1,"","","","United Arab Emirates","","Software Engineer","Power BI Developer","Abu Dhabi - United Arab Emirates","via Trabajo.org","Full-time","United Arab Emirates",212872,"2"
"","2023-08-11 15:04:24","",1,"","","California, United States","","Data Scientist","Data Scientist","Remote, OR","via BeBee","Full-time","United States",221425,"2"
"","2023-05-03 19:45:18",1,"","","","France","","Data Analyst","Data analyst Freelance H/F","Paris, France","via Jobijoba","Contractor","France",248629,"2"
"","2023-10-01 07:17:08",1,"","","","Canada","","Senior Data Scientist","Enterprise Data Warehouse","Canada","via BeBee Canada","Full-time","Canada",249753,"2"
"","2023-11-29 08:15:33",1,"","","","Australia","","Data Scientist","Insight Analyst","Australia","via BeBee Australia","Full-time","Australia",253274,"2"
"","2023-11-03 07:24:03","","","","","Vietnam","","Data Scientist","Data Scientist","Ho Chi Minh City, Vietnam","via BeBee","Full-time","Vietnam",273249,"2"
"","2023-09-25 07:46:56","","","","","Belgium","","Data Engineer","Data Engineer","Brussels, Belgium","via LinkedIn","Full-time","Belgium",276983,"3"
"","2023-01-26 00:05:25","","","","","Argentina","","Data Scientist","Data Scientist - remoto","Buenos Aires, Argentina","via Empleos | Fidanto","Full-time","Argentina",297526,"2"
"","2023-12-27 15:10:08","","","","","India","","Machine Learning Engineer","Machine Learning Engineer","Bengaluru, Karnataka, India","via LinkedIn","Full-time","India",314515,"2"
"","2023-12-27 15:09:46","","","","","India","","Business Analyst","Business Analyst","Hyderabad, Telangana, India","via LinkedIn","Full-time","India",317007,"2"
"","2023-11-20 15:14:59","","","","","Australia","","Software Engineer","Application Development Engineer","Australia","via BeBee Australia","Full-time","Australia",322998,"2"
"","2023-08-11 15:26:34","","","","","Pakistan","","Data Engineer","Big Data Engineer","Hyderabad, Pakistan","via BeBee Pakistan","Full-time","Pakistan",326552,"2"
"","2023-11-16 13:25:21","","","","","Croatia","","Senior Data Engineer","Senior Data Engineer","Zagreb, Croatia","via LinkedIn","Full-time","Croatia",337603,"2"
"","2023-08-05 00:22:41","","","","","Netherlands","","Data Scientist","Data Scientist","Amsterdam, Netherlands","via Recruit.net","Full-time","Netherlands",352927,"2"
"","2023-08-24 23:51:47",1,"","","","Brazil","","Data Engineer","Data Engineer","São Paulo, State of São Paulo, Brazil","via Catho","Full-time","Brazil",358938,"2"
"","2023-05-02 00:17:54",1,"","","","Italy","","Data Engineer","Data engineer data cloud sql","Milan, Metropolitan City of Milan, Italy","via LavoraConNoi.com","Full-time","Italy",359243,"2"
"","2023-09-20 00:22:17",1,"","","","Kuwait","","Data Analyst","Data Analyst","Kuwait","via وظائف","Full-time","Kuwait",365790,"2"
"","2023-01-01 23:35:33","","","","","Canada","","Data Engineer","Data Engineer","Toronto, ON, Canada","via LinkedIn","Contractor","Canada",398575,"2"
"","2023-01-01 23:35:37",1,"","","","Canada","","Data Engineer","Azure Data Engineer","Toronto, ON, Canada","via LinkedIn","Contractor","Canada",398575,"2"
"","2023-04-12 23:34:09",1,"","","","Ecuador","","Business Analyst","Business intelligence analyst","Ecuador","via Sercanto","Full-time","Ecuador",407909,"2"
"","2023-12-05 08:19:56",1,"","","","Portugal","","Software Engineer","Full Stack Engineer","Lisbon, Portugal","via BeBee Portugal","Full-time","Portugal",428636,"2"
"","2023-10-25 10:13:32",1,"","","","India","","Data Engineer","Data Engineer","Pune, Maharashtra, India","via Indeed","Full-time","India",443326,"2"
1,"2023-04-18 10:46:51",1,"","","","Denmark","","Data Engineer","Data Engineer","Anywhere","via LinkedIn","Full-time","Denmark",446587,"2"
"","2023-10-11 10:11:18",1,"","","","India","","Data Engineer","Data Engineer Data Integration","Bengaluru, Karnataka, India","via Indeed","Full-time","India",452339,"3"
"","2023-02-28 13:46:40",1,"","","","Czechia","","Data Analyst","Data analyst, Rokycansko","Rokycany, Czechia","via Trabajo.org","Full-time","Czechia",503731,"2"
"","2023-08-28 19:35:58",1,"","","","Portugal","","Data Analyst","Data Analyst","Porto, Portugal","via Empregos Trabajo.org","Full-time","Portugal",510975,"2"
"","2023-10-07 14:41:14",1,"","","","Switzerland","","Software Engineer","Software Engineer Analytics Services","Diessbach bei Büren, Switzerland","via BeBee Schweiz","Full-time","Switzerland",540714,"2"
"","2023-08-05 14:50:49","","","","","Brazil","","Business Analyst","Cientista de Dados","Brazil","via Empregos Trabajo.org","Full-time","Brazil",551484,"2"
"","2023-12-19 12:16:55","","","","","Malaysia","","Data Analyst","Data Analyst","Malaysia","via BeBee Malaysia","Full-time","Malaysia",618740,"2"
"","2023-11-19 18:18:18","","","","","Austria","","Business Analyst","Market Analyst","Austria","via Jobs Trabajo.org","Full-time","Austria",708864,"2"
"","2023-09-28 18:49:15",1,"","","","India","","Data Engineer","Data Engineer","Coimbatore, Tamil Nadu, India","via Indeed","Temp work","India",720542,"2"
